EventTag,Latitude,Longitude,Tags
RiotsOrProtests,29.94644,30.91687,RiotsOrProtests
RiotsOrProtests,5.10658,7.36667,RiotsOrProtests
RiotsOrProtests,5.10658,7.36667,RiotsOrProtests
RiotsOrProtests,5.10658,7.36667,RiotsOrProtests
RiotsOrProtests,5.10658,7.36667,RiotsOrProtests
RiotsOrProtests,5.10658,7.36667,RiotsOrProtests
RiotsOrProtests,6.31625,8.11691,RiotsOrProtests
RiotsOrProtests,2.04045,45.36,RiotsOrProtests
RiotsOrProtests,13.8167,20.8167,RiotsOrProtests
RiotsOrProtests,7.15,3.35,RiotsOrProtests
RiotsOrProtests,7.15,3.35,RiotsOrProtests
RiotsOrProtests,5.34111,-4.02809,RiotsOrProtests
RiotsOrProtests,5.34111,-4.02809,RiotsOrProtests
RiotsOrProtests,9.8667,38.45,RiotsOrProtests
RiotsOrProtests,9.8667,38.45,RiotsOrProtests
RiotsOrProtests,22.3457,31.61624,RiotsOrProtests
RiotsOrProtests,9.08333,7.53333,RiotsOrProtests
RiotsOrProtests,9.08333,7.53333,RiotsOrProtests
RiotsOrProtests,9.08333,7.53333,RiotsOrProtests
RiotsOrProtests,9.08333,7.53333,RiotsOrProtests
RiotsOrProtests,9.08333,7.53333,RiotsOrProtests
RiotsOrProtests,9.08333,7.53333,RiotsOrProtests
RiotsOrProtests,9.08333,7.53333,RiotsOrProtests
RiotsOrProtests,9.08333,7.53333,RiotsOrProtests
RiotsOrProtests,9.08333,7.53333,RiotsOrProtests
RiotsOrProtests,9.08333,7.53333,RiotsOrProtests
RiotsOrProtests,9.08333,7.53333,RiotsOrProtests
RiotsOrProtests,9.08333,7.53333,RiotsOrProtests
RiotsOrProtests,9.08333,7.53333,RiotsOrProtests
RiotsOrProtests,9.08333,7.53333,RiotsOrProtests
RiotsOrProtests,9.08333,7.53333,RiotsOrProtests
RiotsOrProtests,9.08333,7.53333,RiotsOrProtests
RiotsOrProtests,9.08333,7.53333,RiotsOrProtests
RiotsOrProtests,9.08333,7.53333,RiotsOrProtests
RiotsOrProtests,9.08333,7.53333,RiotsOrProtests
RiotsOrProtests,9.08333,7.53333,RiotsOrProtests
RiotsOrProtests,9.08333,7.53333,RiotsOrProtests
RiotsOrProtests,9.08333,7.53333,RiotsOrProtests
RiotsOrProtests,9.08333,7.53333,RiotsOrProtests
RiotsOrProtests,9.59525,28.43493,RiotsOrProtests
RiotsOrProtests,5.55602,-0.1969,RiotsOrProtests
RiotsOrProtests,5.55602,-0.1969,RiotsOrProtests
RiotsOrProtests,32.41423,14.79335,RiotsOrProtests
RiotsOrProtests,9.03333,38.7,RiotsOrProtests
RiotsOrProtests,9.03333,38.7,RiotsOrProtests
RiotsOrProtests,9.03333,38.7,RiotsOrProtests
RiotsOrProtests,9.03333,38.7,RiotsOrProtests
RiotsOrProtests,9.03333,38.7,RiotsOrProtests
RiotsOrProtests,9.03333,38.7,RiotsOrProtests
RiotsOrProtests,9.03333,38.7,RiotsOrProtests
RiotsOrProtests,9.03333,38.7,RiotsOrProtests
RiotsOrProtests,9.03333,38.7,RiotsOrProtests
RiotsOrProtests,9.03333,38.7,RiotsOrProtests
RiotsOrProtests,7.621,5.2215,RiotsOrProtests
RiotsOrProtests,7.621,5.2215,RiotsOrProtests
RiotsOrProtests,7.621,5.2215,RiotsOrProtests
RiotsOrProtests,7.621,5.2215,RiotsOrProtests
RiotsOrProtests,6.11982,1.19012,RiotsOrProtests
RiotsOrProtests,30.42013,-9.59802,RiotsOrProtests
RiotsOrProtests,6.50525,3.10306,RiotsOrProtests
RiotsOrProtests,4.867,-2.205,RiotsOrProtests
RiotsOrProtests,36.80277,2.92185,RiotsOrProtests
RiotsOrProtests,35.30343,-1.14517,RiotsOrProtests
RiotsOrProtests,7.28333,38.35,RiotsOrProtests
RiotsOrProtests,5.31278,8.35536,RiotsOrProtests
RiotsOrProtests,4.88688,7.35686,RiotsOrProtests
RiotsOrProtests,32.76272,21.75506,RiotsOrProtests
RiotsOrProtests,29.30995,30.8418,RiotsOrProtests
RiotsOrProtests,29.30995,30.8418,RiotsOrProtests
RiotsOrProtests,29.99313,31.1309,RiotsOrProtests
RiotsOrProtests,30.00808,31.21093,RiotsOrProtests
RiotsOrProtests,32.64861,14.26191,RiotsOrProtests
RiotsOrProtests,30.1235,31.3115,RiotsOrProtests
RiotsOrProtests,30.1235,31.3115,RiotsOrProtests
RiotsOrProtests,34.60433,9.60815,RiotsOrProtests
RiotsOrProtests,34.60433,9.60815,RiotsOrProtests
RiotsOrProtests,34.60433,9.60815,RiotsOrProtests
RiotsOrProtests,34.60433,9.60815,RiotsOrProtests
RiotsOrProtests,34.60433,9.60815,RiotsOrProtests
RiotsOrProtests,34.60433,9.60815,RiotsOrProtests
RiotsOrProtests,34.60433,9.60815,RiotsOrProtests
RiotsOrProtests,34.60433,9.60815,RiotsOrProtests
RiotsOrProtests,30.03389,31.23215,RiotsOrProtests
RiotsOrProtests,8.01667,4.13333,RiotsOrProtests
RiotsOrProtests,6.60962,3.35658,RiotsOrProtests
RiotsOrProtests,6.60962,3.35658,RiotsOrProtests
RiotsOrProtests,-26.26786,28.12225,RiotsOrProtests
RiotsOrProtests,30.04001,31.25953,RiotsOrProtests
RiotsOrProtests,30.04001,31.25953,RiotsOrProtests
RiotsOrProtests,30.04001,31.25953,RiotsOrProtests
RiotsOrProtests,31.1981,29.9192,RiotsOrProtests
RiotsOrProtests,31.1981,29.9192,RiotsOrProtests
RiotsOrProtests,7.83333,36.53333,RiotsOrProtests
RiotsOrProtests,36.7525,3.04197,RiotsOrProtests
RiotsOrProtests,36.7525,3.04197,RiotsOrProtests
RiotsOrProtests,36.7525,3.04197,RiotsOrProtests
RiotsOrProtests,7.25,39.93333,RiotsOrProtests
RiotsOrProtests,-32.78749,26.8344,RiotsOrProtests
RiotsOrProtests,9.38694,43.5175,RiotsOrProtests
RiotsOrProtests,4.96917,6.10972,RiotsOrProtests
RiotsOrProtests,-17.98158,45.99055,RiotsOrProtests
RiotsOrProtests,8.9833,37.85,RiotsOrProtests
RiotsOrProtests,8.9833,37.85,RiotsOrProtests
RiotsOrProtests,8.9833,37.85,RiotsOrProtests
RiotsOrProtests,8.9833,37.85,RiotsOrProtests
RiotsOrProtests,8.9833,37.85,RiotsOrProtests
RiotsOrProtests,8.9833,37.85,RiotsOrProtests
RiotsOrProtests,8.9833,37.85,RiotsOrProtests
RiotsOrProtests,8.9833,37.85,RiotsOrProtests
RiotsOrProtests,8.9833,37.85,RiotsOrProtests
RiotsOrProtests,8.9833,37.85,RiotsOrProtests
RiotsOrProtests,8.9833,37.85,RiotsOrProtests
RiotsOrProtests,8.9833,37.85,RiotsOrProtests
RiotsOrProtests,-18.9,47.53333,RiotsOrProtests
RiotsOrProtests,9.98333,36.96667,RiotsOrProtests
RiotsOrProtests,9.98333,36.96667,RiotsOrProtests
RiotsOrProtests,9.98333,36.96667,RiotsOrProtests
RiotsOrProtests,9.98333,36.96667,RiotsOrProtests
RiotsOrProtests,-18.9,47.51667,RiotsOrProtests
RiotsOrProtests,-18.9,47.51667,RiotsOrProtests
RiotsOrProtests,36.9,7.76667,RiotsOrProtests
RiotsOrProtests,-12.2667,49.2833,RiotsOrProtests
RiotsOrProtests,6.44556,3.35917,RiotsOrProtests
RiotsOrProtests,6.44556,3.35917,RiotsOrProtests
RiotsOrProtests,7.70927,5.04474,RiotsOrProtests
RiotsOrProtests,-25.7464,28.22137,RiotsOrProtests
RiotsOrProtests,6.697446,3.415692,RiotsOrProtests
RiotsOrProtests,36.86012,10.19337,RiotsOrProtests
RiotsOrProtests,8.75,36.5,RiotsOrProtests
RiotsOrProtests,35.8517,-0.3214,RiotsOrProtests
RiotsOrProtests,30.02952,31.24081,RiotsOrProtests
RiotsOrProtests,6.20064,6.73385,RiotsOrProtests
RiotsOrProtests,6.20064,6.73385,RiotsOrProtests
RiotsOrProtests,6.20064,6.73385,RiotsOrProtests
RiotsOrProtests,6.20064,6.73385,RiotsOrProtests
RiotsOrProtests,6.20064,6.73385,RiotsOrProtests
RiotsOrProtests,6.20064,6.73385,RiotsOrProtests
RiotsOrProtests,9.27766,40.57245,RiotsOrProtests
RiotsOrProtests,9.27766,40.57245,RiotsOrProtests
RiotsOrProtests,9.27766,40.57245,RiotsOrProtests
RiotsOrProtests,7.1,39.2,RiotsOrProtests
RiotsOrProtests,7.1,39.2,RiotsOrProtests
RiotsOrProtests,7.1,39.2,RiotsOrProtests
RiotsOrProtests,7.1,39.2,RiotsOrProtests
RiotsOrProtests,9.08333,40.86667,RiotsOrProtests
RiotsOrProtests,9.08333,40.86667,RiotsOrProtests
RiotsOrProtests,9.08333,40.86667,RiotsOrProtests
RiotsOrProtests,9.08333,40.86667,RiotsOrProtests
RiotsOrProtests,9.08333,40.86667,RiotsOrProtests
RiotsOrProtests,9.08333,40.86667,RiotsOrProtests
RiotsOrProtests,9.78333,38.55,RiotsOrProtests
RiotsOrProtests,9.78333,38.55,RiotsOrProtests
RiotsOrProtests,9.78333,38.55,RiotsOrProtests
RiotsOrProtests,7.95,39.13333,RiotsOrProtests
RiotsOrProtests,7.95,39.13333,RiotsOrProtests
RiotsOrProtests,9.01911,38.02136,RiotsOrProtests
RiotsOrProtests,30.29857,30.97635,RiotsOrProtests
RiotsOrProtests,28.60986,-9.42986,RiotsOrProtests
RiotsOrProtests,28.60986,-9.42986,RiotsOrProtests
RiotsOrProtests,7.69973,-2.97847,RiotsOrProtests
RiotsOrProtests,24.09082,32.89942,RiotsOrProtests
RiotsOrProtests,36.32847,4.31055,RiotsOrProtests
RiotsOrProtests,-33.96258,18.5016,RiotsOrProtests
RiotsOrProtests,-33.96258,18.5016,RiotsOrProtests
RiotsOrProtests,-33.56667,18.48333,RiotsOrProtests
RiotsOrProtests,-25.77278,28.06778,RiotsOrProtests
RiotsOrProtests,-29.94492,30.97781,RiotsOrProtests
RiotsOrProtests,9.35773,42.04582,RiotsOrProtests
RiotsOrProtests,9.35773,42.04582,RiotsOrProtests
RiotsOrProtests,8.78628,27.40153,RiotsOrProtests
RiotsOrProtests,6.2101,7.07412,RiotsOrProtests
RiotsOrProtests,9.1,35.4,RiotsOrProtests
RiotsOrProtests,9.1,35.4,RiotsOrProtests
RiotsOrProtests,30.06418,31.22009,RiotsOrProtests
RiotsOrProtests,30.06418,31.22009,RiotsOrProtests
RiotsOrProtests,32.7571,12.72764,RiotsOrProtests
RiotsOrProtests,36.79239,3.05217,RiotsOrProtests
RiotsOrProtests,9.2167,42.3333,RiotsOrProtests
RiotsOrProtests,9.2167,42.3333,RiotsOrProtests
RiotsOrProtests,9.2167,42.3333,RiotsOrProtests
RiotsOrProtests,9.2167,42.3333,RiotsOrProtests
RiotsOrProtests,9.2167,42.3333,RiotsOrProtests
RiotsOrProtests,9.2167,42.3333,RiotsOrProtests
RiotsOrProtests,10.71344,48.33253,RiotsOrProtests
RiotsOrProtests,30.13514,31.27421,RiotsOrProtests
RiotsOrProtests,3.11718,43.6469,RiotsOrProtests
RiotsOrProtests,9.13333,37.05,RiotsOrProtests
RiotsOrProtests,9.13306,42.07833,RiotsOrProtests
RiotsOrProtests,9.13306,42.07833,RiotsOrProtests
RiotsOrProtests,5.70193,22.78173,RiotsOrProtests
RiotsOrProtests,6.4167,39.75,RiotsOrProtests
RiotsOrProtests,5.76485,20.65418,RiotsOrProtests
RiotsOrProtests,10.6333,-4.7667,RiotsOrProtests
RiotsOrProtests,10.6333,-4.7667,RiotsOrProtests
RiotsOrProtests,5.90389,10.37816,RiotsOrProtests
RiotsOrProtests,4.36197,18.58664,RiotsOrProtests
RiotsOrProtests,4.36197,18.58664,RiotsOrProtests
RiotsOrProtests,4.36197,18.58664,RiotsOrProtests
RiotsOrProtests,4.36197,18.58664,RiotsOrProtests
RiotsOrProtests,4.36197,18.58664,RiotsOrProtests
RiotsOrProtests,4.36197,18.58664,RiotsOrProtests
RiotsOrProtests,4.36197,18.58664,RiotsOrProtests
RiotsOrProtests,4.36197,18.58664,RiotsOrProtests
RiotsOrProtests,4.36197,18.58664,RiotsOrProtests
RiotsOrProtests,4.36197,18.58664,RiotsOrProtests
RiotsOrProtests,4.36197,18.58664,RiotsOrProtests
RiotsOrProtests,29.07441,31.09785,RiotsOrProtests
RiotsOrProtests,-33.97152,18.57504,RiotsOrProtests
RiotsOrProtests,-33.97152,18.57504,RiotsOrProtests
RiotsOrProtests,9.08333,-12.75,RiotsOrProtests
RiotsOrProtests,30.94228,30.81566,RiotsOrProtests
RiotsOrProtests,5.20194,-3.735,RiotsOrProtests
RiotsOrProtests,35.5553,6.1786,RiotsOrProtests
RiotsOrProtests,35.5553,6.1786,RiotsOrProtests
RiotsOrProtests,35.5553,6.1786,RiotsOrProtests
RiotsOrProtests,10.31344,9.84327,RiotsOrProtests
RiotsOrProtests,10.31344,9.84327,RiotsOrProtests
RiotsOrProtests,31.6167,-2.2167,RiotsOrProtests
RiotsOrProtests,9.11453,41.63348,RiotsOrProtests
RiotsOrProtests,9.11453,41.63348,RiotsOrProtests
RiotsOrProtests,9.11453,41.63348,RiotsOrProtests
RiotsOrProtests,8.90414,40.78191,RiotsOrProtests
RiotsOrProtests,8.90414,40.78191,RiotsOrProtests
RiotsOrProtests,8.90414,40.78191,RiotsOrProtests
RiotsOrProtests,9.26667,34.53333,RiotsOrProtests
RiotsOrProtests,36.72564,9.18169,RiotsOrProtests
RiotsOrProtests,36.72564,9.18169,RiotsOrProtests
RiotsOrProtests,36.72564,9.18169,RiotsOrProtests
RiotsOrProtests,36.72564,9.18169,RiotsOrProtests
RiotsOrProtests,36.72564,9.18169,RiotsOrProtests
RiotsOrProtests,36.72564,9.18169,RiotsOrProtests
RiotsOrProtests,36.75,5.0833,RiotsOrProtests
RiotsOrProtests,7.53333,39.25,RiotsOrProtests
RiotsOrProtests,7.53333,39.25,RiotsOrProtests
RiotsOrProtests,-33.9,18.63333,RiotsOrProtests
RiotsOrProtests,-33.9,18.63333,RiotsOrProtests
RiotsOrProtests,-33.9,18.63333,RiotsOrProtests
RiotsOrProtests,-33.9,18.63333,RiotsOrProtests
RiotsOrProtests,-33.9,18.63333,RiotsOrProtests
RiotsOrProtests,-33.9,18.63333,RiotsOrProtests
RiotsOrProtests,36.74442,10.23382,RiotsOrProtests
RiotsOrProtests,34.95234,-0.91609,RiotsOrProtests
RiotsOrProtests,36.62024,2.87639,RiotsOrProtests
RiotsOrProtests,33.13783,11.21965,RiotsOrProtests
RiotsOrProtests,32.11766,20.12928,RiotsOrProtests
RiotsOrProtests,6.33505,5.62749,RiotsOrProtests
RiotsOrProtests,6.33505,5.62749,RiotsOrProtests
RiotsOrProtests,6.33505,5.62749,RiotsOrProtests
RiotsOrProtests,6.33505,5.62749,RiotsOrProtests
RiotsOrProtests,-29.85185,30.99337,RiotsOrProtests
RiotsOrProtests,-33.88856,25.51242,RiotsOrProtests
RiotsOrProtests,-33.88856,25.51242,RiotsOrProtests
RiotsOrProtests,-32.84721,27.44218,RiotsOrProtests
RiotsOrProtests,-32.84721,27.44218,RiotsOrProtests
RiotsOrProtests,-32.84721,27.44218,RiotsOrProtests
RiotsOrProtests,9.08333,6.01667,RiotsOrProtests
RiotsOrProtests,4.32962,18.52299,RiotsOrProtests
RiotsOrProtests,34.93212,9.19321,RiotsOrProtests
RiotsOrProtests,34.93212,9.19321,RiotsOrProtests
RiotsOrProtests,32.61072,-8.629494,RiotsOrProtests
RiotsOrProtests,30.63167,31.08306,RiotsOrProtests
RiotsOrProtests,9.1,37.25,RiotsOrProtests
RiotsOrProtests,-33.94728,18.57513,RiotsOrProtests
RiotsOrProtests,34.85038,5.72805,RiotsOrProtests
RiotsOrProtests,34.85038,5.72805,RiotsOrProtests
RiotsOrProtests,34.85038,5.72805,RiotsOrProtests
RiotsOrProtests,34.85038,5.72805,RiotsOrProtests
RiotsOrProtests,34.85038,5.72805,RiotsOrProtests
RiotsOrProtests,9.3667,41.1667,RiotsOrProtests
RiotsOrProtests,37.27442,9.87391,RiotsOrProtests
RiotsOrProtests,37.27442,9.87391,RiotsOrProtests
RiotsOrProtests,37.27442,9.87391,RiotsOrProtests
RiotsOrProtests,37.27442,9.87391,RiotsOrProtests
RiotsOrProtests,-29.13333,26.2,RiotsOrProtests
RiotsOrProtests,-29.13333,26.2,RiotsOrProtests
RiotsOrProtests,6.98329,15.64622,RiotsOrProtests
RiotsOrProtests,12.97,-0.15,RiotsOrProtests
RiotsOrProtests,-26.21667,28.25,RiotsOrProtests
RiotsOrProtests,2.04555,45.34,RiotsOrProtests
RiotsOrProtests,-33.85533,25.47192,RiotsOrProtests
RiotsOrProtests,-26.22869,28.02561,RiotsOrProtests
RiotsOrProtests,9.93869,43.18392,RiotsOrProtests
RiotsOrProtests,9.93869,43.18392,RiotsOrProtests
RiotsOrProtests,9.93869,43.18392,RiotsOrProtests
RiotsOrProtests,9.93869,43.18392,RiotsOrProtests
RiotsOrProtests,9.93869,43.18392,RiotsOrProtests
RiotsOrProtests,9.2333,40.75,RiotsOrProtests
RiotsOrProtests,4.67366,7.36201,RiotsOrProtests
RiotsOrProtests,4.67366,7.36201,RiotsOrProtests
RiotsOrProtests,4.67366,7.36201,RiotsOrProtests
RiotsOrProtests,11.28366,49.1806,RiotsOrProtests
RiotsOrProtests,11.28366,49.1806,RiotsOrProtests
RiotsOrProtests,11.28366,49.1806,RiotsOrProtests
RiotsOrProtests,7.68333,-5.0167,RiotsOrProtests
RiotsOrProtests,36.38,3.9014,RiotsOrProtests
RiotsOrProtests,36.38,3.9014,RiotsOrProtests
RiotsOrProtests,36.38,3.9014,RiotsOrProtests
RiotsOrProtests,36.61691,8.96685,RiotsOrProtests
RiotsOrProtests,36.61691,8.96685,RiotsOrProtests
RiotsOrProtests,-26.19816,28.02194,RiotsOrProtests
RiotsOrProtests,-26.19816,28.02194,RiotsOrProtests
RiotsOrProtests,-26.19816,28.02194,RiotsOrProtests
RiotsOrProtests,-22.465,17.07694,RiotsOrProtests
RiotsOrProtests,-22.465,17.07694,RiotsOrProtests
RiotsOrProtests,-22.465,17.07694,RiotsOrProtests
RiotsOrProtests,-4.26,15.28,RiotsOrProtests
RiotsOrProtests,34.91005,-1.32182,RiotsOrProtests
RiotsOrProtests,-0.71205,30.52333,RiotsOrProtests
RiotsOrProtests,-3.08875,30.06183,RiotsOrProtests
RiotsOrProtests,0.5714,33.7417,RiotsOrProtests
RiotsOrProtests,-3.3772,29.358,RiotsOrProtests
RiotsOrProtests,-3.3772,29.358,RiotsOrProtests
RiotsOrProtests,-2.5,28.8667,RiotsOrProtests
RiotsOrProtests,-2.5,28.8667,RiotsOrProtests
RiotsOrProtests,-2.5,28.8667,RiotsOrProtests
RiotsOrProtests,30.06041,31.23147,RiotsOrProtests
RiotsOrProtests,-20.15,28.58,RiotsOrProtests
RiotsOrProtests,-20.15,28.58,RiotsOrProtests
RiotsOrProtests,9.21667,38.5,RiotsOrProtests
RiotsOrProtests,5.6333,38.2333,RiotsOrProtests
RiotsOrProtests,5.6333,38.2333,RiotsOrProtests
RiotsOrProtests,5.6333,38.2333,RiotsOrProtests
RiotsOrProtests,5.6333,38.2333,RiotsOrProtests
RiotsOrProtests,5.6333,38.2333,RiotsOrProtests
RiotsOrProtests,0.7414,30.0417,RiotsOrProtests
RiotsOrProtests,1.56667,30.25,RiotsOrProtests
RiotsOrProtests,1.56667,30.25,RiotsOrProtests
RiotsOrProtests,1.56667,30.25,RiotsOrProtests
RiotsOrProtests,9.74503,45.63403,RiotsOrProtests
RiotsOrProtests,0.1337,29.28896,RiotsOrProtests
RiotsOrProtests,-32.33333,28.15,RiotsOrProtests
RiotsOrProtests,-32.33333,28.15,RiotsOrProtests
RiotsOrProtests,-32.33333,28.15,RiotsOrProtests
RiotsOrProtests,0.88703,32.47758,RiotsOrProtests
RiotsOrProtests,8.2516,46.31572,RiotsOrProtests
RiotsOrProtests,8.2516,46.31572,RiotsOrProtests
RiotsOrProtests,8.2516,46.31572,RiotsOrProtests
RiotsOrProtests,8.2516,46.31572,RiotsOrProtests
RiotsOrProtests,8.2516,46.31572,RiotsOrProtests
RiotsOrProtests,8.2516,46.31572,RiotsOrProtests
RiotsOrProtests,0.35083,32.56694,RiotsOrProtests
RiotsOrProtests,30.07708,31.28591,RiotsOrProtests
RiotsOrProtests,30.07708,31.28591,RiotsOrProtests
RiotsOrProtests,30.07708,31.28591,RiotsOrProtests
RiotsOrProtests,30.07708,31.28591,RiotsOrProtests
RiotsOrProtests,30.07708,31.28591,RiotsOrProtests
RiotsOrProtests,30.07708,31.28591,RiotsOrProtests
RiotsOrProtests,30.07708,31.28591,RiotsOrProtests
RiotsOrProtests,30.07708,31.28591,RiotsOrProtests
RiotsOrProtests,30.07708,31.28591,RiotsOrProtests
RiotsOrProtests,30.07708,31.28591,RiotsOrProtests
RiotsOrProtests,30.07708,31.28591,RiotsOrProtests
RiotsOrProtests,30.07708,31.28591,RiotsOrProtests
RiotsOrProtests,30.07708,31.28591,RiotsOrProtests
RiotsOrProtests,30.07708,31.28591,RiotsOrProtests
RiotsOrProtests,30.07708,31.28591,RiotsOrProtests
RiotsOrProtests,30.07708,31.28591,RiotsOrProtests
RiotsOrProtests,30.07708,31.28591,RiotsOrProtests
RiotsOrProtests,30.07708,31.28591,RiotsOrProtests
RiotsOrProtests,4.96667,8.33333,RiotsOrProtests
RiotsOrProtests,4.96667,8.33333,RiotsOrProtests
RiotsOrProtests,4.96667,8.33333,RiotsOrProtests
RiotsOrProtests,4.96667,8.33333,RiotsOrProtests
RiotsOrProtests,-29.72868,30.54256,RiotsOrProtests
RiotsOrProtests,-29.72868,30.54256,RiotsOrProtests
RiotsOrProtests,5.1,-1.23333,RiotsOrProtests
RiotsOrProtests,5.1,-1.23333,RiotsOrProtests
RiotsOrProtests,5.1,-1.23333,RiotsOrProtests
RiotsOrProtests,-33.92528,18.42389,RiotsOrProtests
RiotsOrProtests,-33.92528,18.42389,RiotsOrProtests
RiotsOrProtests,-33.92528,18.42389,RiotsOrProtests
RiotsOrProtests,-33.92528,18.42389,RiotsOrProtests
RiotsOrProtests,-33.92528,18.42389,RiotsOrProtests
RiotsOrProtests,-33.92528,18.42389,RiotsOrProtests
RiotsOrProtests,-33.92528,18.42389,RiotsOrProtests
RiotsOrProtests,-33.92528,18.42389,RiotsOrProtests
RiotsOrProtests,-33.92528,18.42389,RiotsOrProtests
RiotsOrProtests,-33.92528,18.42389,RiotsOrProtests
RiotsOrProtests,-33.92528,18.42389,RiotsOrProtests
RiotsOrProtests,-33.92528,18.42389,RiotsOrProtests
RiotsOrProtests,-33.92528,18.42389,RiotsOrProtests
RiotsOrProtests,-33.92528,18.42389,RiotsOrProtests
RiotsOrProtests,-33.92528,18.42389,RiotsOrProtests
RiotsOrProtests,-33.92528,18.42389,RiotsOrProtests
RiotsOrProtests,-33.92528,18.42389,RiotsOrProtests
RiotsOrProtests,-33.92528,18.42389,RiotsOrProtests
RiotsOrProtests,-33.92528,18.42389,RiotsOrProtests
RiotsOrProtests,-33.92528,18.42389,RiotsOrProtests
RiotsOrProtests,-33.92528,18.42389,RiotsOrProtests
RiotsOrProtests,-33.92528,18.42389,RiotsOrProtests
RiotsOrProtests,-33.92528,18.42389,RiotsOrProtests
RiotsOrProtests,-33.92528,18.42389,RiotsOrProtests
RiotsOrProtests,-33.92528,18.42389,RiotsOrProtests
RiotsOrProtests,-33.92528,18.42389,RiotsOrProtests
RiotsOrProtests,-33.92528,18.42389,RiotsOrProtests
RiotsOrProtests,-33.92528,18.42389,RiotsOrProtests
RiotsOrProtests,-33.92528,18.42389,RiotsOrProtests
RiotsOrProtests,-33.92528,18.42389,RiotsOrProtests
RiotsOrProtests,-33.92528,18.42389,RiotsOrProtests
RiotsOrProtests,-33.92528,18.42389,RiotsOrProtests
RiotsOrProtests,10.5665,49.0609,RiotsOrProtests
RiotsOrProtests,9.92925,47.21727,RiotsOrProtests
RiotsOrProtests,9.92925,47.21727,RiotsOrProtests
RiotsOrProtests,9.92925,47.21727,RiotsOrProtests
RiotsOrProtests,10.97529,43.43922,RiotsOrProtests
RiotsOrProtests,10.22551,48.30988,RiotsOrProtests
RiotsOrProtests,10.62182,47.36813,RiotsOrProtests
RiotsOrProtests,10.62182,47.36813,RiotsOrProtests
RiotsOrProtests,10.62182,47.36813,RiotsOrProtests
RiotsOrProtests,10.62182,47.36813,RiotsOrProtests
RiotsOrProtests,10.62182,47.36813,RiotsOrProtests
RiotsOrProtests,10.62182,47.36813,RiotsOrProtests
RiotsOrProtests,10.62182,47.36813,RiotsOrProtests
RiotsOrProtests,10.62182,47.36813,RiotsOrProtests
RiotsOrProtests,10.62182,47.36813,RiotsOrProtests
RiotsOrProtests,10.62182,47.36813,RiotsOrProtests
RiotsOrProtests,36.63709,3.69474,RiotsOrProtests
RiotsOrProtests,36.63709,3.69474,RiotsOrProtests
RiotsOrProtests,-5.25,39.7667,RiotsOrProtests
RiotsOrProtests,35.23722,11.115,RiotsOrProtests
RiotsOrProtests,-12.3666,27.8333,RiotsOrProtests
RiotsOrProtests,-15.18725,26.23909,RiotsOrProtests
RiotsOrProtests,-32.82328,28.11523,RiotsOrProtests
RiotsOrProtests,-32.82328,28.11523,RiotsOrProtests
RiotsOrProtests,7.8333,38.2333,RiotsOrProtests
RiotsOrProtests,-18.01274,31.07555,RiotsOrProtests
RiotsOrProtests,-18.01274,31.07555,RiotsOrProtests
RiotsOrProtests,36.16525,1.33452,RiotsOrProtests
RiotsOrProtests,36.16525,1.33452,RiotsOrProtests
RiotsOrProtests,-13.9333,32.15,RiotsOrProtests
RiotsOrProtests,8.78333,40.28333,RiotsOrProtests
RiotsOrProtests,-3.3363,29.3788,RiotsOrProtests
RiotsOrProtests,36.8358,10.10684,RiotsOrProtests
RiotsOrProtests,36.8358,10.10684,RiotsOrProtests
RiotsOrProtests,-33.98585,18.45749,RiotsOrProtests
RiotsOrProtests,5.335,-4.004,RiotsOrProtests
RiotsOrProtests,-32.0115,27.58045,RiotsOrProtests
RiotsOrProtests,-33.68715,25.81087,RiotsOrProtests
RiotsOrProtests,9.5091,-13.7122,RiotsOrProtests
RiotsOrProtests,9.5091,-13.7122,RiotsOrProtests
RiotsOrProtests,9.5091,-13.7122,RiotsOrProtests
RiotsOrProtests,9.5091,-13.7122,RiotsOrProtests
RiotsOrProtests,36.365,6.6147,RiotsOrProtests
RiotsOrProtests,36.365,6.6147,RiotsOrProtests
RiotsOrProtests,36.365,6.6147,RiotsOrProtests
RiotsOrProtests,36.365,6.6147,RiotsOrProtests
RiotsOrProtests,36.75472,3.44278,RiotsOrProtests
RiotsOrProtests,6.35,2.4333,RiotsOrProtests
RiotsOrProtests,6.35,2.4333,RiotsOrProtests
RiotsOrProtests,12.98085,37.76239,RiotsOrProtests
RiotsOrProtests,12.88333,-14.48333,RiotsOrProtests
RiotsOrProtests,14.6667,-17.44406,RiotsOrProtests
RiotsOrProtests,14.6667,-17.44406,RiotsOrProtests
RiotsOrProtests,14.6667,-17.44406,RiotsOrProtests
RiotsOrProtests,14.6667,-17.44406,RiotsOrProtests
RiotsOrProtests,14.6667,-17.44406,RiotsOrProtests
RiotsOrProtests,14.6667,-17.44406,RiotsOrProtests
RiotsOrProtests,14.6667,-17.44406,RiotsOrProtests
RiotsOrProtests,14.6667,-17.44406,RiotsOrProtests
RiotsOrProtests,14.6667,-17.44406,RiotsOrProtests
RiotsOrProtests,14.6667,-17.44406,RiotsOrProtests
RiotsOrProtests,10.15,36.71667,RiotsOrProtests
RiotsOrProtests,31.41648,31.81332,RiotsOrProtests
RiotsOrProtests,31.41648,31.81332,RiotsOrProtests
RiotsOrProtests,13.51667,37.18333,RiotsOrProtests
RiotsOrProtests,32.09407,20.07105,RiotsOrProtests
RiotsOrProtests,32.09407,20.07105,RiotsOrProtests
RiotsOrProtests,-6.8167,39.2833,RiotsOrProtests
RiotsOrProtests,8.16667,40.78333,RiotsOrProtests
RiotsOrProtests,8.16667,40.78333,RiotsOrProtests
RiotsOrProtests,8.16667,40.78333,RiotsOrProtests
RiotsOrProtests,-25.71296,28.15014,RiotsOrProtests
RiotsOrProtests,9.26222,41.86056,RiotsOrProtests
RiotsOrProtests,9.65,38.85,RiotsOrProtests
RiotsOrProtests,9.31168,41.44301,RiotsOrProtests
RiotsOrProtests,9.31168,41.44301,RiotsOrProtests
RiotsOrProtests,9.31168,41.44301,RiotsOrProtests
RiotsOrProtests,9.31168,41.44301,RiotsOrProtests
RiotsOrProtests,9.31168,41.44301,RiotsOrProtests
RiotsOrProtests,32.00799,10.70135,RiotsOrProtests
RiotsOrProtests,32.00799,10.70135,RiotsOrProtests
RiotsOrProtests,32.00799,10.70135,RiotsOrProtests
RiotsOrProtests,32.00799,10.70135,RiotsOrProtests
RiotsOrProtests,32.00799,10.70135,RiotsOrProtests
RiotsOrProtests,32.00799,10.70135,RiotsOrProtests
RiotsOrProtests,32.00799,10.70135,RiotsOrProtests
RiotsOrProtests,32.00799,10.70135,RiotsOrProtests
RiotsOrProtests,32.00799,10.70135,RiotsOrProtests
RiotsOrProtests,32.00799,10.70135,RiotsOrProtests
RiotsOrProtests,-33.9656,18.6444,RiotsOrProtests
RiotsOrProtests,-26.8908,28.09707,RiotsOrProtests
RiotsOrProtests,-26.20604,28.09656,RiotsOrProtests
RiotsOrProtests,-33.80172,25.46284,RiotsOrProtests
RiotsOrProtests,9.47107,46.62836,RiotsOrProtests
RiotsOrProtests,12.96,-15.95944,RiotsOrProtests
RiotsOrProtests,9.77942,43.3445,RiotsOrProtests
RiotsOrProtests,9.5833,41.8667,RiotsOrProtests
RiotsOrProtests,9.5833,41.8667,RiotsOrProtests
RiotsOrProtests,9.5833,41.8667,RiotsOrProtests
RiotsOrProtests,9.5833,41.8667,RiotsOrProtests
RiotsOrProtests,36.78043,7.17092,RiotsOrProtests
RiotsOrProtests,33.8,10.9,RiotsOrProtests
RiotsOrProtests,33.8,10.9,RiotsOrProtests
RiotsOrProtests,33.87334,10.77553,RiotsOrProtests
RiotsOrProtests,14.08747,-1.64178,RiotsOrProtests
RiotsOrProtests,14.08747,-1.64178,RiotsOrProtests
RiotsOrProtests,1.96626,30.50562,RiotsOrProtests
RiotsOrProtests,9.28333,41.08333,RiotsOrProtests
RiotsOrProtests,9.05,6.98333,RiotsOrProtests
RiotsOrProtests,9.03,41.88222,RiotsOrProtests
RiotsOrProtests,9.03,41.88222,RiotsOrProtests
RiotsOrProtests,9.35,35.71667,RiotsOrProtests
RiotsOrProtests,9.3,38.63333,RiotsOrProtests
RiotsOrProtests,9.3,38.63333,RiotsOrProtests
RiotsOrProtests,4.0469,9.7084,RiotsOrProtests
RiotsOrProtests,33.46632,9.0203,RiotsOrProtests
RiotsOrProtests,10.78749,13.45122,RiotsOrProtests
RiotsOrProtests,-6.13333,39.33333,RiotsOrProtests
RiotsOrProtests,3.61667,28.56667,RiotsOrProtests
RiotsOrProtests,3.61667,28.56667,RiotsOrProtests
RiotsOrProtests,-33.81842,18.54218,RiotsOrProtests
RiotsOrProtests,-33.81842,18.54218,RiotsOrProtests
RiotsOrProtests,-33.81842,18.54218,RiotsOrProtests
RiotsOrProtests,-33.81842,18.54218,RiotsOrProtests
RiotsOrProtests,-33.81842,18.54218,RiotsOrProtests
RiotsOrProtests,2.78333,29.58333,RiotsOrProtests
RiotsOrProtests,-29.8579,31.0292,RiotsOrProtests
RiotsOrProtests,-29.8579,31.0292,RiotsOrProtests
RiotsOrProtests,-29.8579,31.0292,RiotsOrProtests
RiotsOrProtests,-29.8579,31.0292,RiotsOrProtests
RiotsOrProtests,-29.8579,31.0292,RiotsOrProtests
RiotsOrProtests,-29.8579,31.0292,RiotsOrProtests
RiotsOrProtests,-29.8579,31.0292,RiotsOrProtests
RiotsOrProtests,-29.8579,31.0292,RiotsOrProtests
RiotsOrProtests,-29.8579,31.0292,RiotsOrProtests
RiotsOrProtests,-29.8579,31.0292,RiotsOrProtests
RiotsOrProtests,-29.8579,31.0292,RiotsOrProtests
RiotsOrProtests,-29.8579,31.0292,RiotsOrProtests
RiotsOrProtests,-29.8579,31.0292,RiotsOrProtests
RiotsOrProtests,11.7594,9.33921,RiotsOrProtests
RiotsOrProtests,-13.88333,33.75,RiotsOrProtests
RiotsOrProtests,-33.01529,27.91162,RiotsOrProtests
RiotsOrProtests,-33.01529,27.91162,RiotsOrProtests
RiotsOrProtests,-33.01529,27.91162,RiotsOrProtests
RiotsOrProtests,-33.01529,27.91162,RiotsOrProtests
RiotsOrProtests,-33.01529,27.91162,RiotsOrProtests
RiotsOrProtests,-33.01529,27.91162,RiotsOrProtests
RiotsOrProtests,-33.01529,27.91162,RiotsOrProtests
RiotsOrProtests,-33.01529,27.91162,RiotsOrProtests
RiotsOrProtests,-33.01529,27.91162,RiotsOrProtests
RiotsOrProtests,5.55463,5.78624,RiotsOrProtests
RiotsOrProtests,8.78333,39.26667,RiotsOrProtests
RiotsOrProtests,8.78333,39.26667,RiotsOrProtests
RiotsOrProtests,4.64122,7.92092,RiotsOrProtests
RiotsOrProtests,4.64122,7.92092,RiotsOrProtests
RiotsOrProtests,34.98308,10.89604,RiotsOrProtests
RiotsOrProtests,34.98308,10.89604,RiotsOrProtests
RiotsOrProtests,34.98308,10.89604,RiotsOrProtests
RiotsOrProtests,35.54021,8.88368,RiotsOrProtests
RiotsOrProtests,35.54021,8.88368,RiotsOrProtests
RiotsOrProtests,35.54021,8.88368,RiotsOrProtests
RiotsOrProtests,36.37419,9.90651,RiotsOrProtests
RiotsOrProtests,13.62639,25.35594,RiotsOrProtests
RiotsOrProtests,13.62639,25.35594,RiotsOrProtests
RiotsOrProtests,34.5067,10.01626,RiotsOrProtests
RiotsOrProtests,11.71917,28.32944,RiotsOrProtests
RiotsOrProtests,13.44127,22.4454,RiotsOrProtests
RiotsOrProtests,35.68688,0.20724,RiotsOrProtests
RiotsOrProtests,35.68688,0.20724,RiotsOrProtests
RiotsOrProtests,36.73147,3.24032,RiotsOrProtests
RiotsOrProtests,33.89152,9.79629,RiotsOrProtests
RiotsOrProtests,35.3,10.71667,RiotsOrProtests
RiotsOrProtests,36.17424,8.70486,RiotsOrProtests
RiotsOrProtests,36.17424,8.70486,RiotsOrProtests
RiotsOrProtests,33.86012,10.1076,RiotsOrProtests
RiotsOrProtests,13.167649,30.244894,RiotsOrProtests
RiotsOrProtests,24.5,13,RiotsOrProtests
RiotsOrProtests,29.8934,31.26975,RiotsOrProtests
RiotsOrProtests,-31.9667,28.68238,RiotsOrProtests
RiotsOrProtests,-31.9667,28.68238,RiotsOrProtests
RiotsOrProtests,-31.9667,28.68238,RiotsOrProtests
RiotsOrProtests,-33.91055,18.56813,RiotsOrProtests
RiotsOrProtests,-0.53333,37.45,RiotsOrProtests
RiotsOrProtests,-34.06116,18.66539,RiotsOrProtests
RiotsOrProtests,36.13528,10.38083,RiotsOrProtests
RiotsOrProtests,36.13528,10.38083,RiotsOrProtests
RiotsOrProtests,-26.40713,27.83354,RiotsOrProtests
RiotsOrProtests,-26.40713,27.83354,RiotsOrProtests
RiotsOrProtests,-26.40713,27.83354,RiotsOrProtests
RiotsOrProtests,-26.40713,27.83354,RiotsOrProtests
RiotsOrProtests,-26.40713,27.83354,RiotsOrProtests
RiotsOrProtests,6.44258,7.5022,RiotsOrProtests
RiotsOrProtests,6.44258,7.5022,RiotsOrProtests
RiotsOrProtests,6.44258,7.5022,RiotsOrProtests
RiotsOrProtests,34.70486,11.2012,RiotsOrProtests
RiotsOrProtests,7.53333,3.41667,RiotsOrProtests
RiotsOrProtests,35.64779,-0.62397,RiotsOrProtests
RiotsOrProtests,31.5125,-9.77001,RiotsOrProtests
RiotsOrProtests,-29.8667,31.0167,RiotsOrProtests
RiotsOrProtests,-26.12489,28.45437,RiotsOrProtests
RiotsOrProtests,7.9666,49.85,RiotsOrProtests
RiotsOrProtests,6.3945,7.9765,RiotsOrProtests
RiotsOrProtests,35.17111,8.82863,RiotsOrProtests
RiotsOrProtests,35.17111,8.82863,RiotsOrProtests
RiotsOrProtests,12.06,0.36,RiotsOrProtests
RiotsOrProtests,12.06,0.36,RiotsOrProtests
RiotsOrProtests,12.06,0.36,RiotsOrProtests
RiotsOrProtests,12.06,0.36,RiotsOrProtests
RiotsOrProtests,12.06,0.36,RiotsOrProtests
RiotsOrProtests,30.73006,31.80182,RiotsOrProtests
RiotsOrProtests,34.94529,8.56789,RiotsOrProtests
RiotsOrProtests,34.94529,8.56789,RiotsOrProtests
RiotsOrProtests,34.94529,8.56789,RiotsOrProtests
RiotsOrProtests,34.94529,8.56789,RiotsOrProtests
RiotsOrProtests,34.03715,-4.9998,RiotsOrProtests
RiotsOrProtests,34.03715,-4.9998,RiotsOrProtests
RiotsOrProtests,-21.4333,47.0833,RiotsOrProtests
RiotsOrProtests,-21.4333,47.0833,RiotsOrProtests
RiotsOrProtests,9.8,38.73333,RiotsOrProtests
RiotsOrProtests,9.56834,37.36682,RiotsOrProtests
RiotsOrProtests,9.56834,37.36682,RiotsOrProtests
RiotsOrProtests,-34.13406,18.4191,RiotsOrProtests
RiotsOrProtests,35.84906,-5.35747,RiotsOrProtests
RiotsOrProtests,-29.99571,30.82633,RiotsOrProtests
RiotsOrProtests,-29.99571,30.82633,RiotsOrProtests
RiotsOrProtests,-29.99571,30.82633,RiotsOrProtests
RiotsOrProtests,-29.99571,30.82633,RiotsOrProtests
RiotsOrProtests,0.69389,30.26639,RiotsOrProtests
RiotsOrProtests,35.35056,8.62881,RiotsOrProtests
RiotsOrProtests,35.35056,8.62881,RiotsOrProtests
RiotsOrProtests,-21.16667,27.51667,RiotsOrProtests
RiotsOrProtests,8.49,-13.2341,RiotsOrProtests
RiotsOrProtests,8.49,-13.2341,RiotsOrProtests
RiotsOrProtests,8.49,-13.2341,RiotsOrProtests
RiotsOrProtests,8.49,-13.2341,RiotsOrProtests
RiotsOrProtests,9.22222,41.68944,RiotsOrProtests
RiotsOrProtests,9.22222,41.68944,RiotsOrProtests
RiotsOrProtests,6.76924,47.43061,RiotsOrProtests
RiotsOrProtests,33.88146,10.0982,RiotsOrProtests
RiotsOrProtests,33.88146,10.0982,RiotsOrProtests
RiotsOrProtests,33.88146,10.0982,RiotsOrProtests
RiotsOrProtests,33.88146,10.0982,RiotsOrProtests
RiotsOrProtests,33.88146,10.0982,RiotsOrProtests
RiotsOrProtests,9.73333,43.63333,RiotsOrProtests
RiotsOrProtests,-24.69451,25.90859,RiotsOrProtests
RiotsOrProtests,34.425,8.7417,RiotsOrProtests
RiotsOrProtests,34.425,8.7417,RiotsOrProtests
RiotsOrProtests,34.425,8.7417,RiotsOrProtests
RiotsOrProtests,34.425,8.7417,RiotsOrProtests
RiotsOrProtests,34.425,8.7417,RiotsOrProtests
RiotsOrProtests,34.425,8.7417,RiotsOrProtests
RiotsOrProtests,34.425,8.7417,RiotsOrProtests
RiotsOrProtests,37.0629,10.11829,RiotsOrProtests
RiotsOrProtests,-4.991373,39.700026,RiotsOrProtests
RiotsOrProtests,9.08333,41.75,RiotsOrProtests
RiotsOrProtests,9.08333,41.75,RiotsOrProtests
RiotsOrProtests,9.32182,13.39538,RiotsOrProtests
RiotsOrProtests,8.40635,48.48188,RiotsOrProtests
RiotsOrProtests,8.40635,48.48188,RiotsOrProtests
RiotsOrProtests,8.40635,48.48188,RiotsOrProtests
RiotsOrProtests,8.40635,48.48188,RiotsOrProtests
RiotsOrProtests,8.40635,48.48188,RiotsOrProtests
RiotsOrProtests,-24.2086,30.41029,RiotsOrProtests
RiotsOrProtests,7.36667,40.21667,RiotsOrProtests
RiotsOrProtests,12.871,11.0482,RiotsOrProtests
RiotsOrProtests,9.8,38.4,RiotsOrProtests
RiotsOrProtests,14.04793,35.38835,RiotsOrProtests
RiotsOrProtests,9.01667,37.45,RiotsOrProtests
RiotsOrProtests,8.81667,40.51667,RiotsOrProtests
RiotsOrProtests,-33.91624,25.55353,RiotsOrProtests
RiotsOrProtests,-33.96667,22.45,RiotsOrProtests
RiotsOrProtests,35.30359,11.04323,RiotsOrProtests
RiotsOrProtests,34.49555,10.21113,RiotsOrProtests
RiotsOrProtests,9.1667,35.8333,RiotsOrProtests
RiotsOrProtests,9.1667,35.8333,RiotsOrProtests
RiotsOrProtests,9.0333,38.15,RiotsOrProtests
RiotsOrProtests,9.0333,38.15,RiotsOrProtests
RiotsOrProtests,7.13333,40.7,RiotsOrProtests
RiotsOrProtests,9.13306,41.83889,RiotsOrProtests
RiotsOrProtests,9.13306,41.83889,RiotsOrProtests
RiotsOrProtests,9.13306,41.83889,RiotsOrProtests
RiotsOrProtests,9.13306,41.83889,RiotsOrProtests
RiotsOrProtests,-3.4225,29.9381,RiotsOrProtests
RiotsOrProtests,-29.32778,31.10982,RiotsOrProtests
RiotsOrProtests,9.216677,26.853455,RiotsOrProtests
RiotsOrProtests,9.216677,26.853455,RiotsOrProtests
RiotsOrProtests,-1.69333,29.23389,RiotsOrProtests
RiotsOrProtests,-1.69333,29.23389,RiotsOrProtests
RiotsOrProtests,-1.69333,29.23389,RiotsOrProtests
RiotsOrProtests,-1.69333,29.23389,RiotsOrProtests
RiotsOrProtests,-1.69333,29.23389,RiotsOrProtests
RiotsOrProtests,-1.69333,29.23389,RiotsOrProtests
RiotsOrProtests,-1.69333,29.23389,RiotsOrProtests
RiotsOrProtests,9.8833,36.55,RiotsOrProtests
RiotsOrProtests,6.98333,40.5,RiotsOrProtests
RiotsOrProtests,-17.85,31.3833,RiotsOrProtests
RiotsOrProtests,-34.15,19.01667,RiotsOrProtests
RiotsOrProtests,-33.30422,26.53276,RiotsOrProtests
RiotsOrProtests,5.13667,-5.02417,RiotsOrProtests
RiotsOrProtests,-34.0472,18.49863,RiotsOrProtests
RiotsOrProtests,9.18333,38.33333,RiotsOrProtests
RiotsOrProtests,9.18333,38.33333,RiotsOrProtests
RiotsOrProtests,-33.98333,18.56667,RiotsOrProtests
RiotsOrProtests,5.36431,5.32371,RiotsOrProtests
RiotsOrProtests,9.7833,38.6667,RiotsOrProtests
RiotsOrProtests,9.16667,35.46667,RiotsOrProtests
RiotsOrProtests,9.16667,35.46667,RiotsOrProtests
RiotsOrProtests,9.16667,35.46667,RiotsOrProtests
RiotsOrProtests,6.3333,40.5,RiotsOrProtests
RiotsOrProtests,-19.45,29.82,RiotsOrProtests
RiotsOrProtests,8.90858,40.51662,RiotsOrProtests
RiotsOrProtests,8.90858,40.51662,RiotsOrProtests
RiotsOrProtests,35.56626,8.44412,RiotsOrProtests
RiotsOrProtests,35.56626,8.44412,RiotsOrProtests
RiotsOrProtests,35.56626,8.44412,RiotsOrProtests
RiotsOrProtests,36.71718,10.37007,RiotsOrProtests
RiotsOrProtests,36.4,10.61667,RiotsOrProtests
RiotsOrProtests,36.4,10.61667,RiotsOrProtests
RiotsOrProtests,36.4,10.61667,RiotsOrProtests
RiotsOrProtests,36.4,10.61667,RiotsOrProtests
RiotsOrProtests,-25.40892,28.287,RiotsOrProtests
RiotsOrProtests,9.42397,42.03638,RiotsOrProtests
RiotsOrProtests,9.42397,42.03638,RiotsOrProtests
RiotsOrProtests,-17.8333,31.05,RiotsOrProtests
RiotsOrProtests,-17.8333,31.05,RiotsOrProtests
RiotsOrProtests,-17.8333,31.05,RiotsOrProtests
RiotsOrProtests,-17.8333,31.05,RiotsOrProtests
RiotsOrProtests,-17.8333,31.05,RiotsOrProtests
RiotsOrProtests,-17.8333,31.05,RiotsOrProtests
RiotsOrProtests,-17.8333,31.05,RiotsOrProtests
RiotsOrProtests,-17.8333,31.05,RiotsOrProtests
RiotsOrProtests,-17.8333,31.05,RiotsOrProtests
RiotsOrProtests,-17.8333,31.05,RiotsOrProtests
RiotsOrProtests,9.16083,41.33481,RiotsOrProtests
RiotsOrProtests,9.55975,44.06678,RiotsOrProtests
RiotsOrProtests,9.55975,44.06678,RiotsOrProtests
RiotsOrProtests,9.55975,44.06678,RiotsOrProtests
RiotsOrProtests,9.55975,44.06678,RiotsOrProtests
RiotsOrProtests,9.55975,44.06678,RiotsOrProtests
RiotsOrProtests,-28.28333,29.13333,RiotsOrProtests
RiotsOrProtests,32.928,3.271,RiotsOrProtests
RiotsOrProtests,-17.6883,31.1097,RiotsOrProtests
RiotsOrProtests,33.73645,7.5942,RiotsOrProtests
RiotsOrProtests,35.12226,10.74219,RiotsOrProtests
RiotsOrProtests,0.29368,30.18511,RiotsOrProtests
RiotsOrProtests,0.29368,30.18511,RiotsOrProtests
RiotsOrProtests,9.21667,41.1,RiotsOrProtests
RiotsOrProtests,9.21667,41.1,RiotsOrProtests
RiotsOrProtests,6.60084,0.4713,RiotsOrProtests
RiotsOrProtests,1.4356,31.3436,RiotsOrProtests
RiotsOrProtests,9.06302,38.49077,RiotsOrProtests
RiotsOrProtests,33.87576,10.85745,RiotsOrProtests
RiotsOrProtests,7.38778,3.89639,RiotsOrProtests
RiotsOrProtests,7.38778,3.89639,RiotsOrProtests
RiotsOrProtests,7.38778,3.89639,RiotsOrProtests
RiotsOrProtests,6.74244,3.42187,RiotsOrProtests
RiotsOrProtests,6.64394,3.32643,RiotsOrProtests
RiotsOrProtests,7.46667,4.56667,RiotsOrProtests
RiotsOrProtests,7.46667,4.56667,RiotsOrProtests
RiotsOrProtests,7.46667,4.56667,RiotsOrProtests
RiotsOrProtests,7.46667,4.56667,RiotsOrProtests
RiotsOrProtests,2.26667,30.26667,RiotsOrProtests
RiotsOrProtests,7.90808,4.58085,RiotsOrProtests
RiotsOrProtests,6.46125,3.36955,RiotsOrProtests
RiotsOrProtests,7.51667,5.75,RiotsOrProtests
RiotsOrProtests,6.59422,3.33748,RiotsOrProtests
RiotsOrProtests,6.59422,3.33748,RiotsOrProtests
RiotsOrProtests,6.59422,3.33748,RiotsOrProtests
RiotsOrProtests,6.59422,3.33748,RiotsOrProtests
RiotsOrProtests,6.59422,3.33748,RiotsOrProtests
RiotsOrProtests,6.59422,3.33748,RiotsOrProtests
RiotsOrProtests,26.50483,8.48121,RiotsOrProtests
RiotsOrProtests,8.5,4.55,RiotsOrProtests
RiotsOrProtests,9,4.5,RiotsOrProtests
RiotsOrProtests,-19.64885,46.61933,RiotsOrProtests
RiotsOrProtests,9.86667,38.51667,RiotsOrProtests
RiotsOrProtests,30.35535,-9.53639,RiotsOrProtests
RiotsOrProtests,30.35535,-9.53639,RiotsOrProtests
RiotsOrProtests,8.13333,39.23333,RiotsOrProtests
RiotsOrProtests,-15.75987,26.02126,RiotsOrProtests
RiotsOrProtests,1.82056,30.72194,RiotsOrProtests
RiotsOrProtests,35.0333,10.9167,RiotsOrProtests
RiotsOrProtests,-24.7612,29.87632,RiotsOrProtests
RiotsOrProtests,9.81667,37.05,RiotsOrProtests
RiotsOrProtests,9.81667,37.05,RiotsOrProtests
RiotsOrProtests,9.91667,38.16667,RiotsOrProtests
RiotsOrProtests,36.77639,10.205,RiotsOrProtests
RiotsOrProtests,36.77639,10.205,RiotsOrProtests
RiotsOrProtests,35.59316,9.05987,RiotsOrProtests
RiotsOrProtests,35.59316,9.05987,RiotsOrProtests
RiotsOrProtests,35.59316,9.05987,RiotsOrProtests
RiotsOrProtests,35.59316,9.05987,RiotsOrProtests
RiotsOrProtests,9.0167,37.6667,RiotsOrProtests
RiotsOrProtests,35.33025,9.41248,RiotsOrProtests
RiotsOrProtests,35.33025,9.41248,RiotsOrProtests
RiotsOrProtests,36.50114,8.78024,RiotsOrProtests
RiotsOrProtests,36.50114,8.78024,RiotsOrProtests
RiotsOrProtests,36.50114,8.78024,RiotsOrProtests
RiotsOrProtests,36.50114,8.78024,RiotsOrProtests
RiotsOrProtests,35.84509,8.63028,RiotsOrProtests
RiotsOrProtests,7.75,38.66667,RiotsOrProtests
RiotsOrProtests,7.66667,36.83333,RiotsOrProtests
RiotsOrProtests,7.66667,36.83333,RiotsOrProtests
RiotsOrProtests,7.66667,36.83333,RiotsOrProtests
RiotsOrProtests,7.66667,36.83333,RiotsOrProtests
RiotsOrProtests,7.66667,36.83333,RiotsOrProtests
RiotsOrProtests,7.66667,36.83333,RiotsOrProtests
RiotsOrProtests,7.66667,36.83333,RiotsOrProtests
RiotsOrProtests,-33.9519,18.5342,RiotsOrProtests
RiotsOrProtests,-33.9519,18.5342,RiotsOrProtests
RiotsOrProtests,-26.20227,28.04364,RiotsOrProtests
RiotsOrProtests,-26.20227,28.04364,RiotsOrProtests
RiotsOrProtests,-26.20227,28.04364,RiotsOrProtests
RiotsOrProtests,-26.20227,28.04364,RiotsOrProtests
RiotsOrProtests,-26.20227,28.04364,RiotsOrProtests
RiotsOrProtests,-26.20227,28.04364,RiotsOrProtests
RiotsOrProtests,-26.20227,28.04364,RiotsOrProtests
RiotsOrProtests,-26.20227,28.04364,RiotsOrProtests
RiotsOrProtests,-26.20227,28.04364,RiotsOrProtests
RiotsOrProtests,-26.20227,28.04364,RiotsOrProtests
RiotsOrProtests,-26.20227,28.04364,RiotsOrProtests
RiotsOrProtests,-26.20227,28.04364,RiotsOrProtests
RiotsOrProtests,-26.20227,28.04364,RiotsOrProtests
RiotsOrProtests,-26.20227,28.04364,RiotsOrProtests
RiotsOrProtests,-26.20227,28.04364,RiotsOrProtests
RiotsOrProtests,-26.20227,28.04364,RiotsOrProtests
RiotsOrProtests,9.92849,8.89212,RiotsOrProtests
RiotsOrProtests,9.92849,8.89212,RiotsOrProtests
RiotsOrProtests,9.92849,8.89212,RiotsOrProtests
RiotsOrProtests,9.92849,8.89212,RiotsOrProtests
RiotsOrProtests,-27.4296,32.06658,RiotsOrProtests
RiotsOrProtests,4.86086,31.61782,RiotsOrProtests
RiotsOrProtests,-1.1833,37.1167,RiotsOrProtests
RiotsOrProtests,0.4667,30.2,RiotsOrProtests
RiotsOrProtests,7.82873,6.0731,RiotsOrProtests
RiotsOrProtests,-15.4175,28.34673,RiotsOrProtests
RiotsOrProtests,10.52224,7.43828,RiotsOrProtests
RiotsOrProtests,10.52224,7.43828,RiotsOrProtests
RiotsOrProtests,10.52224,7.43828,RiotsOrProtests
RiotsOrProtests,10.52224,7.43828,RiotsOrProtests
RiotsOrProtests,10.52224,7.43828,RiotsOrProtests
RiotsOrProtests,10.52224,7.43828,RiotsOrProtests
RiotsOrProtests,10.52224,7.43828,RiotsOrProtests
RiotsOrProtests,10.52224,7.43828,RiotsOrProtests
RiotsOrProtests,31.1143,30.94012,RiotsOrProtests
RiotsOrProtests,-15.69018,28.57439,RiotsOrProtests
RiotsOrProtests,0.94013,30.81253,RiotsOrProtests
RiotsOrProtests,-26.14201,27.7979,RiotsOrProtests
RiotsOrProtests,-26.14201,27.7979,RiotsOrProtests
RiotsOrProtests,-26.14201,27.7979,RiotsOrProtests
RiotsOrProtests,-26.14201,27.7979,RiotsOrProtests
RiotsOrProtests,35.6781,10.09633,RiotsOrProtests
RiotsOrProtests,35.6781,10.09633,RiotsOrProtests
RiotsOrProtests,35.6781,10.09633,RiotsOrProtests
RiotsOrProtests,35.6781,10.09633,RiotsOrProtests
RiotsOrProtests,35.6781,10.09633,RiotsOrProtests
RiotsOrProtests,35.6781,10.09633,RiotsOrProtests
RiotsOrProtests,35.6781,10.09633,RiotsOrProtests
RiotsOrProtests,35.6781,10.09633,RiotsOrProtests
RiotsOrProtests,35.6781,10.09633,RiotsOrProtests
RiotsOrProtests,35.6781,10.09633,RiotsOrProtests
RiotsOrProtests,9.67404,43.47604,RiotsOrProtests
RiotsOrProtests,-5.93701,29.17853,RiotsOrProtests
RiotsOrProtests,12.00517,25.01537,RiotsOrProtests
RiotsOrProtests,12.00517,25.01537,RiotsOrProtests
RiotsOrProtests,-12.8333,28.0833,RiotsOrProtests
RiotsOrProtests,10.48433,7.4614,RiotsOrProtests
RiotsOrProtests,0.3156,32.5656,RiotsOrProtests
RiotsOrProtests,0.3156,32.5656,RiotsOrProtests
RiotsOrProtests,0.3156,32.5656,RiotsOrProtests
RiotsOrProtests,0.3156,32.5656,RiotsOrProtests
RiotsOrProtests,0.3156,32.5656,RiotsOrProtests
RiotsOrProtests,0.3156,32.5656,RiotsOrProtests
RiotsOrProtests,0.3156,32.5656,RiotsOrProtests
RiotsOrProtests,0.3156,32.5656,RiotsOrProtests
RiotsOrProtests,-5.89583,22.41778,RiotsOrProtests
RiotsOrProtests,-13.89487,33.80163,RiotsOrProtests
RiotsOrProtests,-5.143564,39.851241,RiotsOrProtests
RiotsOrProtests,10.38,-9.3,RiotsOrProtests
RiotsOrProtests,12.00012,8.51672,RiotsOrProtests
RiotsOrProtests,12.00012,8.51672,RiotsOrProtests
RiotsOrProtests,-14.81285,24.79971,RiotsOrProtests
RiotsOrProtests,9.37684,41.37744,RiotsOrProtests
RiotsOrProtests,13.60778,-16.42694,RiotsOrProtests
RiotsOrProtests,2.2667,32.25,RiotsOrProtests
RiotsOrProtests,0.44024,32.60348,RiotsOrProtests
RiotsOrProtests,0.44024,32.60348,RiotsOrProtests
RiotsOrProtests,0.44024,32.60348,RiotsOrProtests
RiotsOrProtests,35.16758,8.83651,RiotsOrProtests
RiotsOrProtests,35.16758,8.83651,RiotsOrProtests
RiotsOrProtests,35.16758,8.83651,RiotsOrProtests
RiotsOrProtests,35.16758,8.83651,RiotsOrProtests
RiotsOrProtests,35.16758,8.83651,RiotsOrProtests
RiotsOrProtests,35.16758,8.83651,RiotsOrProtests
RiotsOrProtests,35.16758,8.83651,RiotsOrProtests
RiotsOrProtests,35.16758,8.83651,RiotsOrProtests
RiotsOrProtests,35.16758,8.83651,RiotsOrProtests
RiotsOrProtests,-13.0333,33.4833,RiotsOrProtests
RiotsOrProtests,-13.0333,33.4833,RiotsOrProtests
RiotsOrProtests,-13.0333,33.4833,RiotsOrProtests
RiotsOrProtests,12.98943,7.60063,RiotsOrProtests
RiotsOrProtests,12.98943,7.60063,RiotsOrProtests
RiotsOrProtests,8.98333,34.96667,RiotsOrProtests
RiotsOrProtests,8.98333,34.96667,RiotsOrProtests
RiotsOrProtests,8.98333,34.96667,RiotsOrProtests
RiotsOrProtests,33.70439,8.96903,RiotsOrProtests
RiotsOrProtests,33.70439,8.96903,RiotsOrProtests
RiotsOrProtests,10.72441,39.87402,RiotsOrProtests
RiotsOrProtests,-26.10859,28.2377,RiotsOrProtests
RiotsOrProtests,-0.36774,35.28314,RiotsOrProtests
RiotsOrProtests,35.81364,9.36434,RiotsOrProtests
RiotsOrProtests,35.81364,9.36434,RiotsOrProtests
RiotsOrProtests,-33.95263,18.5148,RiotsOrProtests
RiotsOrProtests,36.31585,3.60047,RiotsOrProtests
RiotsOrProtests,36.31585,3.60047,RiotsOrProtests
RiotsOrProtests,15.57253,32.53635,RiotsOrProtests
RiotsOrProtests,15.57253,32.53635,RiotsOrProtests
RiotsOrProtests,15.57253,32.53635,RiotsOrProtests
RiotsOrProtests,15.57253,32.53635,RiotsOrProtests
RiotsOrProtests,15.57253,32.53635,RiotsOrProtests
RiotsOrProtests,15.57253,32.53635,RiotsOrProtests
RiotsOrProtests,15.57253,32.53635,RiotsOrProtests
RiotsOrProtests,15.57253,32.53635,RiotsOrProtests
RiotsOrProtests,15.6365,32.53034,RiotsOrProtests
RiotsOrProtests,-34.03932,18.67916,RiotsOrProtests
RiotsOrProtests,-34.03932,18.67916,RiotsOrProtests
RiotsOrProtests,-34.03932,18.67916,RiotsOrProtests
RiotsOrProtests,-6.16134,39.22312,RiotsOrProtests
RiotsOrProtests,-2.10826,31.65247,RiotsOrProtests
RiotsOrProtests,-32.88031,27.39454,RiotsOrProtests
RiotsOrProtests,-32.88031,27.39454,RiotsOrProtests
RiotsOrProtests,-32.88031,27.39454,RiotsOrProtests
RiotsOrProtests,-32.88031,27.39454,RiotsOrProtests
RiotsOrProtests,-32.88031,27.39454,RiotsOrProtests
RiotsOrProtests,-4.9429,39.76469,RiotsOrProtests
RiotsOrProtests,-4.325,15.32222,RiotsOrProtests
RiotsOrProtests,-4.325,15.32222,RiotsOrProtests
RiotsOrProtests,-4.325,15.32222,RiotsOrProtests
RiotsOrProtests,-4.325,15.32222,RiotsOrProtests
RiotsOrProtests,-4.325,15.32222,RiotsOrProtests
RiotsOrProtests,-4.325,15.32222,RiotsOrProtests
RiotsOrProtests,-4.325,15.32222,RiotsOrProtests
RiotsOrProtests,-4.325,15.32222,RiotsOrProtests
RiotsOrProtests,-4.325,15.32222,RiotsOrProtests
RiotsOrProtests,-4.325,15.32222,RiotsOrProtests
RiotsOrProtests,6.44307,3.3075,RiotsOrProtests
RiotsOrProtests,1.25,37,RiotsOrProtests
RiotsOrProtests,0.51469,25.18963,RiotsOrProtests
RiotsOrProtests,0.51469,25.18963,RiotsOrProtests
RiotsOrProtests,0.51469,25.18963,RiotsOrProtests
RiotsOrProtests,-5.9666,12.4666,RiotsOrProtests
RiotsOrProtests,-12.82,28.2,RiotsOrProtests
RiotsOrProtests,-12.82,28.2,RiotsOrProtests
RiotsOrProtests,-12.82,28.2,RiotsOrProtests
RiotsOrProtests,-12.82,28.2,RiotsOrProtests
RiotsOrProtests,-12.82,28.2,RiotsOrProtests
RiotsOrProtests,-12.82,28.2,RiotsOrProtests
RiotsOrProtests,-5.15,39.83333,RiotsOrProtests
RiotsOrProtests,-5.4,39.76667,RiotsOrProtests
RiotsOrProtests,-5.16667,39.76667,RiotsOrProtests
RiotsOrProtests,-26.27284,27.88763,RiotsOrProtests
RiotsOrProtests,-26.27284,27.88763,RiotsOrProtests
RiotsOrProtests,4.37038,18.53945,RiotsOrProtests
RiotsOrProtests,4.37038,18.53945,RiotsOrProtests
RiotsOrProtests,9.45,37.45,RiotsOrProtests
RiotsOrProtests,9.45,37.45,RiotsOrProtests
RiotsOrProtests,9.45,37.45,RiotsOrProtests
RiotsOrProtests,7.07726,38.7871,RiotsOrProtests
RiotsOrProtests,7.07726,38.7871,RiotsOrProtests
RiotsOrProtests,7.07726,38.7871,RiotsOrProtests
RiotsOrProtests,6.09407,-0.25913,RiotsOrProtests
RiotsOrProtests,8.63,-10.98,RiotsOrProtests
RiotsOrProtests,6.73797,38.78586,RiotsOrProtests
RiotsOrProtests,12.8833,-14.95,RiotsOrProtests
RiotsOrProtests,9.43333,42.11861,RiotsOrProtests
RiotsOrProtests,13.32583,-1.53472,RiotsOrProtests
RiotsOrProtests,5.25,37.48333,RiotsOrProtests
RiotsOrProtests,5.25,37.5,RiotsOrProtests
RiotsOrProtests,5.25,37.5,RiotsOrProtests
RiotsOrProtests,5.25,37.5,RiotsOrProtests
RiotsOrProtests,9.31472,41.64278,RiotsOrProtests
RiotsOrProtests,6.601,3.409,RiotsOrProtests
RiotsOrProtests,12.25,-2.3667,RiotsOrProtests
RiotsOrProtests,5.29716,-3.96753,RiotsOrProtests
RiotsOrProtests,5.29716,-3.96753,RiotsOrProtests
RiotsOrProtests,12.18,-0.36,RiotsOrProtests
RiotsOrProtests,8.25314,-11.70054,RiotsOrProtests
RiotsOrProtests,35.64773,10.89046,RiotsOrProtests
RiotsOrProtests,9.1413,7.35257,RiotsOrProtests
RiotsOrProtests,8.89639,7.24306,RiotsOrProtests
RiotsOrProtests,6.69622,-1.62195,RiotsOrProtests
RiotsOrProtests,-27.4524,23.43246,RiotsOrProtests
RiotsOrProtests,9.81667,38.41667,RiotsOrProtests
RiotsOrProtests,-29.32816,31.28954,RiotsOrProtests
RiotsOrProtests,-29.32816,31.28954,RiotsOrProtests
RiotsOrProtests,-29.32816,31.28954,RiotsOrProtests
RiotsOrProtests,5.70632,6.43741,RiotsOrProtests
RiotsOrProtests,-29.75105,30.96204,RiotsOrProtests
RiotsOrProtests,36.915,10.10556,RiotsOrProtests
RiotsOrProtests,9.53333,38.16667,RiotsOrProtests
RiotsOrProtests,6.45306,3.39583,RiotsOrProtests
RiotsOrProtests,6.45306,3.39583,RiotsOrProtests
RiotsOrProtests,6.45306,3.39583,RiotsOrProtests
RiotsOrProtests,6.45306,3.39583,RiotsOrProtests
RiotsOrProtests,6.45306,3.39583,RiotsOrProtests
RiotsOrProtests,6.45306,3.39583,RiotsOrProtests
RiotsOrProtests,12.0333,39.0333,RiotsOrProtests
RiotsOrProtests,14.03333,-16.33333,RiotsOrProtests
RiotsOrProtests,8.47358,47.35441,RiotsOrProtests
RiotsOrProtests,8.47358,47.35441,RiotsOrProtests
RiotsOrProtests,8.47358,47.35441,RiotsOrProtests
RiotsOrProtests,8.47358,47.35441,RiotsOrProtests
RiotsOrProtests,8.47358,47.35441,RiotsOrProtests
RiotsOrProtests,11.4599,43.25911,RiotsOrProtests
RiotsOrProtests,36.83333,10.31667,RiotsOrProtests
RiotsOrProtests,36.83333,10.31667,RiotsOrProtests
RiotsOrProtests,-26.31667,27.83333,RiotsOrProtests
RiotsOrProtests,-26.31667,27.83333,RiotsOrProtests
RiotsOrProtests,-26.08336,28.15161,RiotsOrProtests
RiotsOrProtests,10.01667,38.45,RiotsOrProtests
RiotsOrProtests,0.3901,9.4544,RiotsOrProtests
RiotsOrProtests,0.3901,9.4544,RiotsOrProtests
RiotsOrProtests,-26.152,26.15968,RiotsOrProtests
RiotsOrProtests,-13.9833,33.7833,RiotsOrProtests
RiotsOrProtests,2.235,32.9097,RiotsOrProtests
RiotsOrProtests,2.235,32.9097,RiotsOrProtests
RiotsOrProtests,-17.85,25.8667,RiotsOrProtests
RiotsOrProtests,-17.85,25.8667,RiotsOrProtests
RiotsOrProtests,7.80236,6.74301,RiotsOrProtests
RiotsOrProtests,7.80236,6.74301,RiotsOrProtests
RiotsOrProtests,7.80236,6.74301,RiotsOrProtests
RiotsOrProtests,7.80236,6.74301,RiotsOrProtests
RiotsOrProtests,6.1319,1.2228,RiotsOrProtests
RiotsOrProtests,6.1319,1.2228,RiotsOrProtests
RiotsOrProtests,6.1319,1.2228,RiotsOrProtests
RiotsOrProtests,15.61867,-16.22436,RiotsOrProtests
RiotsOrProtests,15.61867,-16.22436,RiotsOrProtests
RiotsOrProtests,-8.83833,13.23444,RiotsOrProtests
RiotsOrProtests,-11.65955,27.47411,RiotsOrProtests
RiotsOrProtests,-11.65955,27.47411,RiotsOrProtests
RiotsOrProtests,-11.65955,27.47411,RiotsOrProtests
RiotsOrProtests,10.68253,43.94315,RiotsOrProtests
RiotsOrProtests,10.68253,43.94315,RiotsOrProtests
RiotsOrProtests,-14.22997,23.8294,RiotsOrProtests
RiotsOrProtests,-15.65368,35.02124,RiotsOrProtests
RiotsOrProtests,-15.4166,28.2833,RiotsOrProtests
RiotsOrProtests,-15.4166,28.2833,RiotsOrProtests
RiotsOrProtests,-15.4166,28.2833,RiotsOrProtests
RiotsOrProtests,-3.94126,28.87178,RiotsOrProtests
RiotsOrProtests,-31.36199,29.57328,RiotsOrProtests
RiotsOrProtests,-31.36199,29.57328,RiotsOrProtests
RiotsOrProtests,-31.36199,29.57328,RiotsOrProtests
RiotsOrProtests,0.84917,32.47306,RiotsOrProtests
RiotsOrProtests,0.84917,32.47306,RiotsOrProtests
RiotsOrProtests,0.00687,31.07689,RiotsOrProtests
RiotsOrProtests,-0.41611,31.40806,RiotsOrProtests
RiotsOrProtests,-15.71667,35.05,RiotsOrProtests
RiotsOrProtests,-25.86667,25.65,RiotsOrProtests
RiotsOrProtests,-25.86667,25.65,RiotsOrProtests
RiotsOrProtests,-25.86667,25.65,RiotsOrProtests
RiotsOrProtests,27.41434,-9.04785,RiotsOrProtests
RiotsOrProtests,35.50472,11.06222,RiotsOrProtests
RiotsOrProtests,35.50472,11.06222,RiotsOrProtests
RiotsOrProtests,35.50472,11.06222,RiotsOrProtests
RiotsOrProtests,-25.8541,25.62881,RiotsOrProtests
RiotsOrProtests,-25.8541,25.62881,RiotsOrProtests
RiotsOrProtests,11.84644,13.16027,RiotsOrProtests
RiotsOrProtests,0.02556,36.40778,RiotsOrProtests
RiotsOrProtests,0.33333,32.56667,RiotsOrProtests
RiotsOrProtests,7.7411,8.5121,RiotsOrProtests
RiotsOrProtests,9.540895,31.652064,RiotsOrProtests
RiotsOrProtests,-25.49489,31.50891,RiotsOrProtests
RiotsOrProtests,-29.39773,31.22496,RiotsOrProtests
RiotsOrProtests,-3.22,40.12,RiotsOrProtests
RiotsOrProtests,9.6667,35.25,RiotsOrProtests
RiotsOrProtests,-29.14691,31.41403,RiotsOrProtests
RiotsOrProtests,-18.93274,47.55293,RiotsOrProtests
RiotsOrProtests,8.05861,-6.18972,RiotsOrProtests
RiotsOrProtests,36.80803,10.09721,RiotsOrProtests
RiotsOrProtests,-11.2,28.8833,RiotsOrProtests
RiotsOrProtests,35.81573,9.47909,RiotsOrProtests
RiotsOrProtests,-25.9653,32.5892,RiotsOrProtests
RiotsOrProtests,33.61794,10.28536,RiotsOrProtests
RiotsOrProtests,-25.69129,27.49334,RiotsOrProtests
RiotsOrProtests,-25.69129,27.49334,RiotsOrProtests
RiotsOrProtests,-24.97161,31.11249,RiotsOrProtests
RiotsOrProtests,31.35254,27.24528,RiotsOrProtests
RiotsOrProtests,-0.33379,31.73409,RiotsOrProtests
RiotsOrProtests,-0.33379,31.73409,RiotsOrProtests
RiotsOrProtests,-23.27557,30.24802,RiotsOrProtests
RiotsOrProtests,9.08333,41.16667,RiotsOrProtests
RiotsOrProtests,35.3944,0.1397,RiotsOrProtests
RiotsOrProtests,1.67444,31.715,RiotsOrProtests
RiotsOrProtests,-34.12928,18.37627,RiotsOrProtests
RiotsOrProtests,12.4666,15.4333,RiotsOrProtests
RiotsOrProtests,8.9,39.91667,RiotsOrProtests
RiotsOrProtests,-1.26141,36.86081,RiotsOrProtests
RiotsOrProtests,11,47.11667,RiotsOrProtests
RiotsOrProtests,0.45972,33.48028,RiotsOrProtests
RiotsOrProtests,-29.85,30.98333,RiotsOrProtests
RiotsOrProtests,-30.78248,29.61889,RiotsOrProtests
RiotsOrProtests,-26.31667,31.13333,RiotsOrProtests
RiotsOrProtests,1.08056,34.175,RiotsOrProtests
RiotsOrProtests,-0.6583,30.6758,RiotsOrProtests
RiotsOrProtests,-17.85806,31.03722,RiotsOrProtests
RiotsOrProtests,-20.55,30.56667,RiotsOrProtests
RiotsOrProtests,-6.15,23.6,RiotsOrProtests
RiotsOrProtests,-6.15,23.6,RiotsOrProtests
RiotsOrProtests,-32.94611,27.72792,RiotsOrProtests
RiotsOrProtests,-32.94611,27.72792,RiotsOrProtests
RiotsOrProtests,36.2675,2.75,RiotsOrProtests
RiotsOrProtests,33.35495,10.50548,RiotsOrProtests
RiotsOrProtests,33.35495,10.50548,RiotsOrProtests
RiotsOrProtests,33.35495,10.50548,RiotsOrProtests
RiotsOrProtests,33.35495,10.50548,RiotsOrProtests
RiotsOrProtests,33.35495,10.50548,RiotsOrProtests
RiotsOrProtests,2.02053,45.28967,RiotsOrProtests
RiotsOrProtests,36.64964,9.61231,RiotsOrProtests
RiotsOrProtests,36.64964,9.61231,RiotsOrProtests
RiotsOrProtests,4.05815,38.31948,RiotsOrProtests
RiotsOrProtests,34.7501,8.51976,RiotsOrProtests
RiotsOrProtests,13.5,39.4667,RiotsOrProtests
RiotsOrProtests,2.39583,10.39933,RiotsOrProtests
RiotsOrProtests,9.8,35.1,RiotsOrProtests
RiotsOrProtests,37.23737,9.86313,RiotsOrProtests
RiotsOrProtests,34.574,9.429,RiotsOrProtests
RiotsOrProtests,34.574,9.429,RiotsOrProtests
RiotsOrProtests,34.574,9.429,RiotsOrProtests
RiotsOrProtests,34.574,9.429,RiotsOrProtests
RiotsOrProtests,34.574,9.429,RiotsOrProtests
RiotsOrProtests,8.29594,35.58212,RiotsOrProtests
RiotsOrProtests,34.4363,9.7647,RiotsOrProtests
RiotsOrProtests,34.4363,9.7647,RiotsOrProtests
RiotsOrProtests,34.4363,9.7647,RiotsOrProtests
RiotsOrProtests,34.4363,9.7647,RiotsOrProtests
RiotsOrProtests,-33.99806,18.67291,RiotsOrProtests
RiotsOrProtests,-33.99806,18.67291,RiotsOrProtests
RiotsOrProtests,-33.99806,18.67291,RiotsOrProtests
RiotsOrProtests,-33.99806,18.67291,RiotsOrProtests
RiotsOrProtests,8.58333,40.31667,RiotsOrProtests
RiotsOrProtests,-4.971347,39.776145,RiotsOrProtests
RiotsOrProtests,8.86897,42.12326,RiotsOrProtests
RiotsOrProtests,9.23506,40.75483,RiotsOrProtests
RiotsOrProtests,9.23506,40.75483,RiotsOrProtests
RiotsOrProtests,9.23506,40.75483,RiotsOrProtests
RiotsOrProtests,28.10988,30.7503,RiotsOrProtests
RiotsOrProtests,32.37535,15.09254,RiotsOrProtests
RiotsOrProtests,32.37535,15.09254,RiotsOrProtests
RiotsOrProtests,32.37535,15.09254,RiotsOrProtests
RiotsOrProtests,-34.05341,18.62365,RiotsOrProtests
RiotsOrProtests,-34.05341,18.62365,RiotsOrProtests
RiotsOrProtests,-34.05341,18.62365,RiotsOrProtests
RiotsOrProtests,-34.05341,18.62365,RiotsOrProtests
RiotsOrProtests,32.8941,13.276,RiotsOrProtests
RiotsOrProtests,-0.62017,30.04531,RiotsOrProtests
RiotsOrProtests,5.37594,39.71292,RiotsOrProtests
RiotsOrProtests,-8.4238,33.0291,RiotsOrProtests
RiotsOrProtests,-16.11528,33.72944,RiotsOrProtests
RiotsOrProtests,-24.70315,28.40412,RiotsOrProtests
RiotsOrProtests,-24.70315,28.40412,RiotsOrProtests
RiotsOrProtests,-24.70315,28.40412,RiotsOrProtests
RiotsOrProtests,-24.70315,28.40412,RiotsOrProtests
RiotsOrProtests,2.04139,45.33372,RiotsOrProtests
RiotsOrProtests,2.04139,45.33372,RiotsOrProtests
RiotsOrProtests,-23.87422,28.6957,RiotsOrProtests
RiotsOrProtests,30.05565,31.1997,RiotsOrProtests
RiotsOrProtests,31.21288,29.9281,RiotsOrProtests
RiotsOrProtests,31.21288,29.9281,RiotsOrProtests
RiotsOrProtests,31.21288,29.9281,RiotsOrProtests
RiotsOrProtests,31.21288,29.9281,RiotsOrProtests
RiotsOrProtests,31.21288,29.9281,RiotsOrProtests
RiotsOrProtests,-4.05,39.66667,RiotsOrProtests
RiotsOrProtests,-4.05,39.66667,RiotsOrProtests
RiotsOrProtests,35.76471,10.81254,RiotsOrProtests
RiotsOrProtests,35.76471,10.81254,RiotsOrProtests
RiotsOrProtests,35.76471,10.81254,RiotsOrProtests
RiotsOrProtests,12.1833,18.7,RiotsOrProtests
RiotsOrProtests,6.31,-10.8,RiotsOrProtests
RiotsOrProtests,6.31,-10.8,RiotsOrProtests
RiotsOrProtests,6.31,-10.8,RiotsOrProtests
RiotsOrProtests,6.31,-10.8,RiotsOrProtests
RiotsOrProtests,6.31,-10.8,RiotsOrProtests
RiotsOrProtests,6.31,-10.8,RiotsOrProtests
RiotsOrProtests,6.31,-10.8,RiotsOrProtests
RiotsOrProtests,6.31,-10.8,RiotsOrProtests
RiotsOrProtests,-24.51617,28.71463,RiotsOrProtests
RiotsOrProtests,-24.51617,28.71463,RiotsOrProtests
RiotsOrProtests,-24.51617,28.71463,RiotsOrProtests
RiotsOrProtests,-24.51617,28.71463,RiotsOrProtests
RiotsOrProtests,5.2333,39.18333,RiotsOrProtests
RiotsOrProtests,5.2333,39.18333,RiotsOrProtests
RiotsOrProtests,5.2333,39.18333,RiotsOrProtests
RiotsOrProtests,5.2333,39.18333,RiotsOrProtests
RiotsOrProtests,5.2333,39.18333,RiotsOrProtests
RiotsOrProtests,8.5667,16.0833,RiotsOrProtests
RiotsOrProtests,8.5667,16.0833,RiotsOrProtests
RiotsOrProtests,8.5667,16.0833,RiotsOrProtests
RiotsOrProtests,-33.93333,18.46667,RiotsOrProtests
RiotsOrProtests,-28.33627,32.09673,RiotsOrProtests
RiotsOrProtests,-28.33627,32.09673,RiotsOrProtests
RiotsOrProtests,-31.81492,28.76184,RiotsOrProtests
RiotsOrProtests,35.01235,10.89449,RiotsOrProtests
RiotsOrProtests,-14.18333,34.56667,RiotsOrProtests
RiotsOrProtests,-14.18333,34.56667,RiotsOrProtests
RiotsOrProtests,-31.58893,28.78443,RiotsOrProtests
RiotsOrProtests,-31.58893,28.78443,RiotsOrProtests
RiotsOrProtests,-31.58893,28.78443,RiotsOrProtests
RiotsOrProtests,-31.58893,28.78443,RiotsOrProtests
RiotsOrProtests,-31.58893,28.78443,RiotsOrProtests
RiotsOrProtests,8.48333,34.58333,RiotsOrProtests
RiotsOrProtests,8.48333,34.58333,RiotsOrProtests
RiotsOrProtests,-1.62177,29.15603,RiotsOrProtests
RiotsOrProtests,13.60865,22.27447,RiotsOrProtests
RiotsOrProtests,-17.64694,31.7775,RiotsOrProtests
RiotsOrProtests,-3.4158,29.375,RiotsOrProtests
RiotsOrProtests,6.52626,3.35714,RiotsOrProtests
RiotsOrProtests,6.52626,3.35714,RiotsOrProtests
RiotsOrProtests,-22.34881,30.04074,RiotsOrProtests
RiotsOrProtests,-18.9666,32.6667,RiotsOrProtests
RiotsOrProtests,-18.9666,32.6667,RiotsOrProtests
RiotsOrProtests,-18.9666,32.6667,RiotsOrProtests
RiotsOrProtests,-18.75,32.6333,RiotsOrProtests
RiotsOrProtests,-5.41667,39.73333,RiotsOrProtests
RiotsOrProtests,-0.76519,30.60034,RiotsOrProtests
RiotsOrProtests,-5.4,39.66667,RiotsOrProtests
RiotsOrProtests,-11.45,33.58333,RiotsOrProtests
RiotsOrProtests,-1.28333,36.81667,RiotsOrProtests
RiotsOrProtests,-1.28333,36.81667,RiotsOrProtests
RiotsOrProtests,-0.72024,36.42853,RiotsOrProtests
RiotsOrProtests,0.84204,32.25071,RiotsOrProtests
RiotsOrProtests,0.22111,32.53077,RiotsOrProtests
RiotsOrProtests,-1.07829,35.86012,RiotsOrProtests
RiotsOrProtests,8.55,39.26667,RiotsOrProtests
RiotsOrProtests,8.55,39.26667,RiotsOrProtests
RiotsOrProtests,8.55,39.26667,RiotsOrProtests
RiotsOrProtests,-0.31667,37.65,RiotsOrProtests
RiotsOrProtests,-0.31667,37.65,RiotsOrProtests
RiotsOrProtests,12.1085,15.0482,RiotsOrProtests
RiotsOrProtests,12.1085,15.0482,RiotsOrProtests
RiotsOrProtests,12.1085,15.0482,RiotsOrProtests
RiotsOrProtests,12.1085,15.0482,RiotsOrProtests
RiotsOrProtests,12.1085,15.0482,RiotsOrProtests
RiotsOrProtests,12.1085,15.0482,RiotsOrProtests
RiotsOrProtests,12.1085,15.0482,RiotsOrProtests
RiotsOrProtests,12.1085,15.0482,RiotsOrProtests
RiotsOrProtests,12.1085,15.0482,RiotsOrProtests
RiotsOrProtests,12.1085,15.0482,RiotsOrProtests
RiotsOrProtests,12.1085,15.0482,RiotsOrProtests
RiotsOrProtests,12.1085,15.0482,RiotsOrProtests
RiotsOrProtests,5.86313,-4.75901,RiotsOrProtests
RiotsOrProtests,5.86313,-4.75901,RiotsOrProtests
RiotsOrProtests,33.87309,7.87765,RiotsOrProtests
RiotsOrProtests,7.68333,39.25,RiotsOrProtests
RiotsOrProtests,7.68333,39.25,RiotsOrProtests
RiotsOrProtests,7.68333,39.25,RiotsOrProtests
RiotsOrProtests,7.68333,39.25,RiotsOrProtests
RiotsOrProtests,7.68333,39.25,RiotsOrProtests
RiotsOrProtests,7.68333,39.25,RiotsOrProtests
RiotsOrProtests,7.68333,39.25,RiotsOrProtests
RiotsOrProtests,9.5,35.5,RiotsOrProtests
RiotsOrProtests,9.0833,36.55,RiotsOrProtests
RiotsOrProtests,9.0833,36.55,RiotsOrProtests
RiotsOrProtests,9.0833,36.55,RiotsOrProtests
RiotsOrProtests,9.0833,36.55,RiotsOrProtests
RiotsOrProtests,9.0833,36.55,RiotsOrProtests
RiotsOrProtests,9.0833,36.55,RiotsOrProtests
RiotsOrProtests,9.0833,36.55,RiotsOrProtests
RiotsOrProtests,9.0833,36.55,RiotsOrProtests
RiotsOrProtests,-33.95,25.6,RiotsOrProtests
RiotsOrProtests,-33.95,25.6,RiotsOrProtests
RiotsOrProtests,-25.46667,30.96667,RiotsOrProtests
RiotsOrProtests,4.5394,6.40034,RiotsOrProtests
RiotsOrProtests,-33.89909,25.60341,RiotsOrProtests
RiotsOrProtests,-33.89909,25.60341,RiotsOrProtests
RiotsOrProtests,-33.89909,25.60341,RiotsOrProtests
RiotsOrProtests,-33.89909,25.60341,RiotsOrProtests
RiotsOrProtests,30.04214,31.44446,RiotsOrProtests
RiotsOrProtests,-29.35519,30.52802,RiotsOrProtests
RiotsOrProtests,-29.77905,30.99333,RiotsOrProtests
RiotsOrProtests,-3.3527,29.37,RiotsOrProtests
RiotsOrProtests,7.31667,13.58333,RiotsOrProtests
RiotsOrProtests,-2.9114,29.8306,RiotsOrProtests
RiotsOrProtests,-1.65194,28.87694,RiotsOrProtests
RiotsOrProtests,13.52,2.12,RiotsOrProtests
RiotsOrProtests,13.52,2.12,RiotsOrProtests
RiotsOrProtests,13.52,2.12,RiotsOrProtests
RiotsOrProtests,13.52,2.12,RiotsOrProtests
RiotsOrProtests,13.52,2.12,RiotsOrProtests
RiotsOrProtests,13.52,2.12,RiotsOrProtests
RiotsOrProtests,-32.95413,27.92278,RiotsOrProtests
RiotsOrProtests,18.1194,-16.0406,RiotsOrProtests
RiotsOrProtests,18.1194,-16.0406,RiotsOrProtests
RiotsOrProtests,18.1194,-16.0406,RiotsOrProtests
RiotsOrProtests,18.1194,-16.0406,RiotsOrProtests
RiotsOrProtests,18.1194,-16.0406,RiotsOrProtests
RiotsOrProtests,5.81922,-0.35352,RiotsOrProtests
RiotsOrProtests,8.6667,36.75,RiotsOrProtests
RiotsOrProtests,8.6667,36.75,RiotsOrProtests
RiotsOrProtests,0.0333,36.3667,RiotsOrProtests
RiotsOrProtests,1.20511,30.12492,RiotsOrProtests
RiotsOrProtests,9.131693,26.976693,RiotsOrProtests
RiotsOrProtests,9.131693,26.976693,RiotsOrProtests
RiotsOrProtests,6.13761,22.86426,RiotsOrProtests
RiotsOrProtests,4.87545,7.14882,RiotsOrProtests
RiotsOrProtests,8.25,5.55,RiotsOrProtests
RiotsOrProtests,5.93193,5.66518,RiotsOrProtests
RiotsOrProtests,8.03846,39.01582,RiotsOrProtests
RiotsOrProtests,6.45382,3.20585,RiotsOrProtests
RiotsOrProtests,7.4477,5.6204,RiotsOrProtests
RiotsOrProtests,4.91301,7.31936,RiotsOrProtests
RiotsOrProtests,6.50475,4.78391,RiotsOrProtests
RiotsOrProtests,5.72348,6.60209,RiotsOrProtests
RiotsOrProtests,5.72348,6.60209,RiotsOrProtests
RiotsOrProtests,5.3571,7.38765,RiotsOrProtests
RiotsOrProtests,5.4616,6.20787,RiotsOrProtests
RiotsOrProtests,5.4616,6.20787,RiotsOrProtests
RiotsOrProtests,-1.00295,35.664,RiotsOrProtests
RiotsOrProtests,15.64472,32.45485,RiotsOrProtests
RiotsOrProtests,15.64472,32.45485,RiotsOrProtests
RiotsOrProtests,15.64472,32.45485,RiotsOrProtests
RiotsOrProtests,5.25,7.41667,RiotsOrProtests
RiotsOrProtests,-17.7833,15.7667,RiotsOrProtests
RiotsOrProtests,35.6911,-0.6417,RiotsOrProtests
RiotsOrProtests,35.6911,-0.6417,RiotsOrProtests
RiotsOrProtests,35.6911,-0.6417,RiotsOrProtests
RiotsOrProtests,35.6911,-0.6417,RiotsOrProtests
RiotsOrProtests,-26.48333,27.86667,RiotsOrProtests
RiotsOrProtests,8,39,RiotsOrProtests
RiotsOrProtests,7.6813,6.4286,RiotsOrProtests
RiotsOrProtests,6.55817,3.34663,RiotsOrProtests
RiotsOrProtests,7.76667,4.56667,RiotsOrProtests
RiotsOrProtests,7.76667,4.56667,RiotsOrProtests
RiotsOrProtests,7.76667,4.56667,RiotsOrProtests
RiotsOrProtests,7.76667,4.56667,RiotsOrProtests
RiotsOrProtests,7.76667,4.56667,RiotsOrProtests
RiotsOrProtests,12.3703,-1.5247,RiotsOrProtests
RiotsOrProtests,12.3703,-1.5247,RiotsOrProtests
RiotsOrProtests,12.3703,-1.5247,RiotsOrProtests
RiotsOrProtests,12.3703,-1.5247,RiotsOrProtests
RiotsOrProtests,12.3703,-1.5247,RiotsOrProtests
RiotsOrProtests,12.3703,-1.5247,RiotsOrProtests
RiotsOrProtests,12.3703,-1.5247,RiotsOrProtests
RiotsOrProtests,13.5828,-2.4216,RiotsOrProtests
RiotsOrProtests,13.5828,-2.4216,RiotsOrProtests
RiotsOrProtests,31.96644,5.34205,RiotsOrProtests
RiotsOrProtests,35.64525,5.99605,RiotsOrProtests
RiotsOrProtests,35.64525,5.99605,RiotsOrProtests
RiotsOrProtests,35.57931,0.92441,RiotsOrProtests
RiotsOrProtests,36.10124,1.19949,RiotsOrProtests
RiotsOrProtests,34.67594,-1.91754,RiotsOrProtests
RiotsOrProtests,30.02084,31.21394,RiotsOrProtests
RiotsOrProtests,35.4908,10.31615,RiotsOrProtests
RiotsOrProtests,6.01181,5.70474,RiotsOrProtests
RiotsOrProtests,5.48333,7.03041,RiotsOrProtests
RiotsOrProtests,5.48333,7.03041,RiotsOrProtests
RiotsOrProtests,5.48333,7.03041,RiotsOrProtests
RiotsOrProtests,7.1962,5.58681,RiotsOrProtests
RiotsOrProtests,2.235,32.38495,RiotsOrProtests
RiotsOrProtests,-33.73378,18.97523,RiotsOrProtests
RiotsOrProtests,-33.73378,18.97523,RiotsOrProtests
RiotsOrProtests,3.05,33.2167,RiotsOrProtests
RiotsOrProtests,-25.25528,32.87278,RiotsOrProtests
RiotsOrProtests,-27.78084,24.69441,RiotsOrProtests
RiotsOrProtests,-26.9033,27.45727,RiotsOrProtests
RiotsOrProtests,-26.9033,27.45727,RiotsOrProtests
RiotsOrProtests,-34.01667,18.55,RiotsOrProtests
RiotsOrProtests,-34.01667,18.55,RiotsOrProtests
RiotsOrProtests,-34.01667,18.55,RiotsOrProtests
RiotsOrProtests,-29.61667,30.38333,RiotsOrProtests
RiotsOrProtests,-29.61667,30.38333,RiotsOrProtests
RiotsOrProtests,-29.61667,30.38333,RiotsOrProtests
RiotsOrProtests,-29.61667,30.38333,RiotsOrProtests
RiotsOrProtests,-29.61667,30.38333,RiotsOrProtests
RiotsOrProtests,-29.61667,30.38333,RiotsOrProtests
RiotsOrProtests,-29.61667,30.38333,RiotsOrProtests
RiotsOrProtests,14.76457,-17.39071,RiotsOrProtests
RiotsOrProtests,-34.05274,23.3716,RiotsOrProtests
RiotsOrProtests,-34.05274,23.3716,RiotsOrProtests
RiotsOrProtests,-34.05274,23.3716,RiotsOrProtests
RiotsOrProtests,-34.05274,23.3716,RiotsOrProtests
RiotsOrProtests,-23.90448,29.46885,RiotsOrProtests
RiotsOrProtests,-23.90448,29.46885,RiotsOrProtests
RiotsOrProtests,-23.90448,29.46885,RiotsOrProtests
RiotsOrProtests,-33.59057,26.89104,RiotsOrProtests
RiotsOrProtests,-33.91799,25.57007,RiotsOrProtests
RiotsOrProtests,-33.91799,25.57007,RiotsOrProtests
RiotsOrProtests,-33.91799,25.57007,RiotsOrProtests
RiotsOrProtests,-33.91799,25.57007,RiotsOrProtests
RiotsOrProtests,-33.91799,25.57007,RiotsOrProtests
RiotsOrProtests,-33.91799,25.57007,RiotsOrProtests
RiotsOrProtests,-33.91799,25.57007,RiotsOrProtests
RiotsOrProtests,-33.91799,25.57007,RiotsOrProtests
RiotsOrProtests,-33.91799,25.57007,RiotsOrProtests
RiotsOrProtests,-33.91799,25.57007,RiotsOrProtests
RiotsOrProtests,-33.91799,25.57007,RiotsOrProtests
RiotsOrProtests,-33.91799,25.57007,RiotsOrProtests
RiotsOrProtests,-33.91799,25.57007,RiotsOrProtests
RiotsOrProtests,-33.91799,25.57007,RiotsOrProtests
RiotsOrProtests,-33.91799,25.57007,RiotsOrProtests
RiotsOrProtests,-33.91799,25.57007,RiotsOrProtests
RiotsOrProtests,4.77742,7.0134,RiotsOrProtests
RiotsOrProtests,4.77742,7.0134,RiotsOrProtests
RiotsOrProtests,4.77742,7.0134,RiotsOrProtests
RiotsOrProtests,-30.74137,30.45499,RiotsOrProtests
RiotsOrProtests,19.58958,37.2152,RiotsOrProtests
RiotsOrProtests,19.58958,37.2152,RiotsOrProtests
RiotsOrProtests,-25.74486,28.18783,RiotsOrProtests
RiotsOrProtests,-25.74486,28.18783,RiotsOrProtests
RiotsOrProtests,-25.74486,28.18783,RiotsOrProtests
RiotsOrProtests,-25.74486,28.18783,RiotsOrProtests
RiotsOrProtests,-25.74486,28.18783,RiotsOrProtests
RiotsOrProtests,-25.74486,28.18783,RiotsOrProtests
RiotsOrProtests,-25.74486,28.18783,RiotsOrProtests
RiotsOrProtests,-25.74486,28.18783,RiotsOrProtests
RiotsOrProtests,-25.74486,28.18783,RiotsOrProtests
RiotsOrProtests,-25.74486,28.18783,RiotsOrProtests
RiotsOrProtests,-25.74486,28.18783,RiotsOrProtests
RiotsOrProtests,-25.74486,28.18783,RiotsOrProtests
RiotsOrProtests,-25.74486,28.18783,RiotsOrProtests
RiotsOrProtests,-25.74486,28.18783,RiotsOrProtests
RiotsOrProtests,-25.74486,28.18783,RiotsOrProtests
RiotsOrProtests,-25.74486,28.18783,RiotsOrProtests
RiotsOrProtests,-25.74486,28.18783,RiotsOrProtests
RiotsOrProtests,-25.74486,28.18783,RiotsOrProtests
RiotsOrProtests,-25.74486,28.18783,RiotsOrProtests
RiotsOrProtests,-25.74486,28.18783,RiotsOrProtests
RiotsOrProtests,-25.74486,28.18783,RiotsOrProtests
RiotsOrProtests,-25.74486,28.18783,RiotsOrProtests
RiotsOrProtests,-25.74486,28.18783,RiotsOrProtests
RiotsOrProtests,-25.74486,28.18783,RiotsOrProtests
RiotsOrProtests,-25.74486,28.18783,RiotsOrProtests
RiotsOrProtests,-25.74486,28.18783,RiotsOrProtests
RiotsOrProtests,-25.74486,28.18783,RiotsOrProtests
RiotsOrProtests,-25.74486,28.18783,RiotsOrProtests
RiotsOrProtests,-25.74486,28.18783,RiotsOrProtests
RiotsOrProtests,-25.74486,28.18783,RiotsOrProtests
RiotsOrProtests,-25.74486,28.18783,RiotsOrProtests
RiotsOrProtests,-25.74486,28.18783,RiotsOrProtests
RiotsOrProtests,-25.68198,28.17477,RiotsOrProtests
RiotsOrProtests,11.471,49.87262,RiotsOrProtests
RiotsOrProtests,10.09056,43.0089,RiotsOrProtests
RiotsOrProtests,-31.16304,28.87056,RiotsOrProtests
RiotsOrProtests,-31.16304,28.87056,RiotsOrProtests
RiotsOrProtests,34.01325,-6.83255,RiotsOrProtests
RiotsOrProtests,34.01325,-6.83255,RiotsOrProtests
RiotsOrProtests,34.01325,-6.83255,RiotsOrProtests
RiotsOrProtests,34.01325,-6.83255,RiotsOrProtests
RiotsOrProtests,34.01325,-6.83255,RiotsOrProtests
RiotsOrProtests,34.01325,-6.83255,RiotsOrProtests
RiotsOrProtests,34.01325,-6.83255,RiotsOrProtests
RiotsOrProtests,34.01325,-6.83255,RiotsOrProtests
RiotsOrProtests,34.01325,-6.83255,RiotsOrProtests
RiotsOrProtests,34.01325,-6.83255,RiotsOrProtests
RiotsOrProtests,34.01325,-6.83255,RiotsOrProtests
RiotsOrProtests,34.01325,-6.83255,RiotsOrProtests
RiotsOrProtests,36.76806,10.27528,RiotsOrProtests
RiotsOrProtests,-0.70703,31.4041,RiotsOrProtests
RiotsOrProtests,-0.70703,31.4041,RiotsOrProtests
RiotsOrProtests,-26.0941,28.00123,RiotsOrProtests
RiotsOrProtests,9.5833,-13.65,RiotsOrProtests
RiotsOrProtests,34.3827,8.15549,RiotsOrProtests
RiotsOrProtests,34.3827,8.15549,RiotsOrProtests
RiotsOrProtests,34.3827,8.15549,RiotsOrProtests
RiotsOrProtests,-32.96667,27.8,RiotsOrProtests
RiotsOrProtests,-32.96667,27.8,RiotsOrProtests
RiotsOrProtests,34.85932,9.78654,RiotsOrProtests
RiotsOrProtests,34.85932,9.78654,RiotsOrProtests
RiotsOrProtests,34.85932,9.78654,RiotsOrProtests
RiotsOrProtests,34.85932,9.78654,RiotsOrProtests
RiotsOrProtests,34.85932,9.78654,RiotsOrProtests
RiotsOrProtests,34.85932,9.78654,RiotsOrProtests
RiotsOrProtests,32.31662,10.39551,RiotsOrProtests
RiotsOrProtests,32.31662,10.39551,RiotsOrProtests
RiotsOrProtests,32.31662,10.39551,RiotsOrProtests
RiotsOrProtests,32.31662,10.39551,RiotsOrProtests
RiotsOrProtests,32.31662,10.39551,RiotsOrProtests
RiotsOrProtests,32.31662,10.39551,RiotsOrProtests
RiotsOrProtests,32.31662,10.39551,RiotsOrProtests
RiotsOrProtests,32.31662,10.39551,RiotsOrProtests
RiotsOrProtests,-18.35,29.8833,RiotsOrProtests
RiotsOrProtests,-26.2119,27.9732,RiotsOrProtests
RiotsOrProtests,-26.2119,27.9732,RiotsOrProtests
RiotsOrProtests,-26.2119,27.9732,RiotsOrProtests
RiotsOrProtests,7.11984,40.00701,RiotsOrProtests
RiotsOrProtests,7.11984,40.00701,RiotsOrProtests
RiotsOrProtests,9.60009,39.13336,RiotsOrProtests
RiotsOrProtests,-33.80342,19.88537,RiotsOrProtests
RiotsOrProtests,-27.965,16.76,RiotsOrProtests
RiotsOrProtests,-1.1846,29.85173,RiotsOrProtests
RiotsOrProtests,-1.1846,29.85173,RiotsOrProtests
RiotsOrProtests,14.72503,-17.27088,RiotsOrProtests
RiotsOrProtests,14.72503,-17.27088,RiotsOrProtests
RiotsOrProtests,14.72503,-17.27088,RiotsOrProtests
RiotsOrProtests,-0.63333,30.51667,RiotsOrProtests
RiotsOrProtests,-17.9333,19.7667,RiotsOrProtests
RiotsOrProtests,-1.25,29.99,RiotsOrProtests
RiotsOrProtests,-25.66667,27.25,RiotsOrProtests
RiotsOrProtests,-25.66667,27.25,RiotsOrProtests
RiotsOrProtests,-25.0999,30.78001,RiotsOrProtests
RiotsOrProtests,-25.0999,30.78001,RiotsOrProtests
RiotsOrProtests,12.02182,8.52237,RiotsOrProtests
RiotsOrProtests,32.79335,12.48845,RiotsOrProtests
RiotsOrProtests,5.1633,6.21259,RiotsOrProtests
RiotsOrProtests,34.83033,0.15171,RiotsOrProtests
RiotsOrProtests,34.83033,0.15171,RiotsOrProtests
RiotsOrProtests,16.33333,-15,RiotsOrProtests
RiotsOrProtests,16.33333,-15,RiotsOrProtests
RiotsOrProtests,36.22292,8.35547,RiotsOrProtests
RiotsOrProtests,9.14,18.39,RiotsOrProtests
RiotsOrProtests,36.56334,8.67074,RiotsOrProtests
RiotsOrProtests,11.3539,43.4731,RiotsOrProtests
RiotsOrProtests,11.3539,43.4731,RiotsOrProtests
RiotsOrProtests,35.23151,9.12321,RiotsOrProtests
RiotsOrProtests,35.54332,9.0737,RiotsOrProtests
RiotsOrProtests,35.54332,9.0737,RiotsOrProtests
RiotsOrProtests,-30.28666,30.75316,RiotsOrProtests
RiotsOrProtests,-33.91858,18.38968,RiotsOrProtests
RiotsOrProtests,35.62673,1.32012,RiotsOrProtests
RiotsOrProtests,35.62673,1.32012,RiotsOrProtests
RiotsOrProtests,36.5472,4.6861,RiotsOrProtests
RiotsOrProtests,33.7458,10.91954,RiotsOrProtests
RiotsOrProtests,4.93545,-1.72736,RiotsOrProtests
RiotsOrProtests,10.30687,39.98854,RiotsOrProtests
RiotsOrProtests,9.15,39.03333,RiotsOrProtests
RiotsOrProtests,34.4628,9.26404,RiotsOrProtests
RiotsOrProtests,13.54219,33.61724,RiotsOrProtests
RiotsOrProtests,36.1914,5.4094,RiotsOrProtests
RiotsOrProtests,36.1914,5.4094,RiotsOrProtests
RiotsOrProtests,34.74056,10.76028,RiotsOrProtests
RiotsOrProtests,34.74056,10.76028,RiotsOrProtests
RiotsOrProtests,34.74056,10.76028,RiotsOrProtests
RiotsOrProtests,34.74056,10.76028,RiotsOrProtests
RiotsOrProtests,34.74056,10.76028,RiotsOrProtests
RiotsOrProtests,34.74056,10.76028,RiotsOrProtests
RiotsOrProtests,34.74056,10.76028,RiotsOrProtests
RiotsOrProtests,34.74056,10.76028,RiotsOrProtests
RiotsOrProtests,34.74056,10.76028,RiotsOrProtests
RiotsOrProtests,34.74056,10.76028,RiotsOrProtests
RiotsOrProtests,34.74056,10.76028,RiotsOrProtests
RiotsOrProtests,34.74056,10.76028,RiotsOrProtests
RiotsOrProtests,34.74056,10.76028,RiotsOrProtests
RiotsOrProtests,34.74056,10.76028,RiotsOrProtests
RiotsOrProtests,32.83039,21.85005,RiotsOrProtests
RiotsOrProtests,-29.50041,31.20657,RiotsOrProtests
RiotsOrProtests,9.5667,37.1,RiotsOrProtests
RiotsOrProtests,9.5667,37.1,RiotsOrProtests
RiotsOrProtests,7.19778,38.60151,RiotsOrProtests
RiotsOrProtests,7.19778,38.60151,RiotsOrProtests
RiotsOrProtests,7.19778,38.60151,RiotsOrProtests
RiotsOrProtests,7.19778,38.60151,RiotsOrProtests
RiotsOrProtests,7.19778,38.60151,RiotsOrProtests
RiotsOrProtests,7.19778,38.60151,RiotsOrProtests
RiotsOrProtests,7.19778,38.60151,RiotsOrProtests
RiotsOrProtests,7.19778,38.60151,RiotsOrProtests
RiotsOrProtests,7.19778,38.60151,RiotsOrProtests
RiotsOrProtests,7.19778,38.60151,RiotsOrProtests
RiotsOrProtests,9.9333,45.1833,RiotsOrProtests
RiotsOrProtests,12.01667,39.63333,RiotsOrProtests
RiotsOrProtests,30.55258,31.00904,RiotsOrProtests
RiotsOrProtests,7.15,38.08333,RiotsOrProtests
RiotsOrProtests,30.12511,31.25053,RiotsOrProtests
RiotsOrProtests,8.25,35.21667,RiotsOrProtests
RiotsOrProtests,9.0833,36.8333,RiotsOrProtests
RiotsOrProtests,34.86667,9.2,RiotsOrProtests
RiotsOrProtests,35.03823,9.48494,RiotsOrProtests
RiotsOrProtests,35.03823,9.48494,RiotsOrProtests
RiotsOrProtests,35.03823,9.48494,RiotsOrProtests
RiotsOrProtests,35.03823,9.48494,RiotsOrProtests
RiotsOrProtests,35.03823,9.48494,RiotsOrProtests
RiotsOrProtests,35.03823,9.48494,RiotsOrProtests
RiotsOrProtests,35.03823,9.48494,RiotsOrProtests
RiotsOrProtests,35.03823,9.48494,RiotsOrProtests
RiotsOrProtests,35.03823,9.48494,RiotsOrProtests
RiotsOrProtests,35.03823,9.48494,RiotsOrProtests
RiotsOrProtests,35.03823,9.48494,RiotsOrProtests
RiotsOrProtests,35.03823,9.48494,RiotsOrProtests
RiotsOrProtests,35.03823,9.48494,RiotsOrProtests
RiotsOrProtests,35.03823,9.48494,RiotsOrProtests
RiotsOrProtests,35.03823,9.48494,RiotsOrProtests
RiotsOrProtests,35.03823,9.48494,RiotsOrProtests
RiotsOrProtests,35.91113,0.51002,RiotsOrProtests
RiotsOrProtests,36.08497,9.37082,RiotsOrProtests
RiotsOrProtests,36.08497,9.37082,RiotsOrProtests
RiotsOrProtests,36.08497,9.37082,RiotsOrProtests
RiotsOrProtests,36.08497,9.37082,RiotsOrProtests
RiotsOrProtests,-18.9833,29.3,RiotsOrProtests
RiotsOrProtests,7.08333,40.2,RiotsOrProtests
RiotsOrProtests,-26.68333,31.68333,RiotsOrProtests
RiotsOrProtests,-34.11667,18.91667,RiotsOrProtests
RiotsOrProtests,-34.11667,18.91667,RiotsOrProtests
RiotsOrProtests,-34.11667,18.91667,RiotsOrProtests
RiotsOrProtests,-29.10114,31.41999,RiotsOrProtests
RiotsOrProtests,-29.10114,31.41999,RiotsOrProtests
RiotsOrProtests,-29.10114,31.41999,RiotsOrProtests
RiotsOrProtests,-29.10114,31.41999,RiotsOrProtests
RiotsOrProtests,-29.10114,31.41999,RiotsOrProtests
RiotsOrProtests,34.2992,10.06999,RiotsOrProtests
RiotsOrProtests,34.2992,10.06999,RiotsOrProtests
RiotsOrProtests,34.2992,10.06999,RiotsOrProtests
RiotsOrProtests,34.2992,10.06999,RiotsOrProtests
RiotsOrProtests,36.8792,6.9067,RiotsOrProtests
RiotsOrProtests,9.15801,41.44994,RiotsOrProtests
RiotsOrProtests,13.04803,5.21429,RiotsOrProtests
RiotsOrProtests,-25.47288,28.09919,RiotsOrProtests
RiotsOrProtests,-25.47288,28.09919,RiotsOrProtests
RiotsOrProtests,36.28639,7.95111,RiotsOrProtests
RiotsOrProtests,33.77709,8.8603,RiotsOrProtests
RiotsOrProtests,34.60139,7.75574,RiotsOrProtests
RiotsOrProtests,35.82539,10.63699,RiotsOrProtests
RiotsOrProtests,35.82539,10.63699,RiotsOrProtests
RiotsOrProtests,35.82539,10.63699,RiotsOrProtests
RiotsOrProtests,35.82539,10.63699,RiotsOrProtests
RiotsOrProtests,35.82539,10.63699,RiotsOrProtests
RiotsOrProtests,35.82539,10.63699,RiotsOrProtests
RiotsOrProtests,-26.26667,27.86667,RiotsOrProtests
RiotsOrProtests,-33.93462,18.86676,RiotsOrProtests
RiotsOrProtests,-33.93462,18.86676,RiotsOrProtests
RiotsOrProtests,-33.93462,18.86676,RiotsOrProtests
RiotsOrProtests,-33.93462,18.86676,RiotsOrProtests
RiotsOrProtests,-33.93462,18.86676,RiotsOrProtests
RiotsOrProtests,-34.10687,18.82751,RiotsOrProtests
RiotsOrProtests,-34.10687,18.82751,RiotsOrProtests
RiotsOrProtests,-32.57076,27.42396,RiotsOrProtests
RiotsOrProtests,9.18333,38.75,RiotsOrProtests
RiotsOrProtests,-26.0355,28.06552,RiotsOrProtests
RiotsOrProtests,-25.75,28.21667,RiotsOrProtests
RiotsOrProtests,-25.75,28.21667,RiotsOrProtests
RiotsOrProtests,7.3333,-2.3333,RiotsOrProtests
RiotsOrProtests,-22.6833,14.5333,RiotsOrProtests
RiotsOrProtests,13.31014,25.08774,RiotsOrProtests
RiotsOrProtests,6.58333,1.5,RiotsOrProtests
RiotsOrProtests,36.45692,9.24751,RiotsOrProtests
RiotsOrProtests,6.73453,-1.61275,RiotsOrProtests
RiotsOrProtests,30.92008,-2.02975,RiotsOrProtests
RiotsOrProtests,30.04442,31.2357,RiotsOrProtests
RiotsOrProtests,26.7693,31.50214,RiotsOrProtests
RiotsOrProtests,35.89174,8.55276,RiotsOrProtests
RiotsOrProtests,30.68025,30.94292,RiotsOrProtests
RiotsOrProtests,9.40079,-0.8393,RiotsOrProtests
RiotsOrProtests,22.785,5.5228,RiotsOrProtests
RiotsOrProtests,8.93333,34.56667,RiotsOrProtests
RiotsOrProtests,8.93333,34.56667,RiotsOrProtests
RiotsOrProtests,8.93333,34.56667,RiotsOrProtests
RiotsOrProtests,32.92967,10.45177,RiotsOrProtests
RiotsOrProtests,32.92967,10.45177,RiotsOrProtests
RiotsOrProtests,32.92967,10.45177,RiotsOrProtests
RiotsOrProtests,32.92967,10.45177,RiotsOrProtests
RiotsOrProtests,32.92967,10.45177,RiotsOrProtests
RiotsOrProtests,32.92967,10.45177,RiotsOrProtests
RiotsOrProtests,32.92967,10.45177,RiotsOrProtests
RiotsOrProtests,-27.53113,24.78659,RiotsOrProtests
RiotsOrProtests,35.40417,8.12417,RiotsOrProtests
RiotsOrProtests,8.8481,38.49839,RiotsOrProtests
RiotsOrProtests,8.8481,38.49839,RiotsOrProtests
RiotsOrProtests,5.61667,-0.01667,RiotsOrProtests
RiotsOrProtests,-2.27833,40.90333,RiotsOrProtests
RiotsOrProtests,35.57244,8.67031,RiotsOrProtests
RiotsOrProtests,35.57244,8.67031,RiotsOrProtests
RiotsOrProtests,35.57244,8.67031,RiotsOrProtests
RiotsOrProtests,35.3758,1.3131,RiotsOrProtests
RiotsOrProtests,35.3758,1.3131,RiotsOrProtests
RiotsOrProtests,5.89839,-4.82293,RiotsOrProtests
RiotsOrProtests,5.89839,-4.82293,RiotsOrProtests
RiotsOrProtests,-5.231989,39.760054,RiotsOrProtests
RiotsOrProtests,36.88856,4.11984,RiotsOrProtests
RiotsOrProtests,15.5333,-16.05,RiotsOrProtests
RiotsOrProtests,16.7667,-3.0167,RiotsOrProtests
RiotsOrProtests,36.71183,4.04591,RiotsOrProtests
RiotsOrProtests,36.71183,4.04591,RiotsOrProtests
RiotsOrProtests,36.71183,4.04591,RiotsOrProtests
RiotsOrProtests,36.71183,4.04591,RiotsOrProtests
RiotsOrProtests,29.69743,-9.73162,RiotsOrProtests
RiotsOrProtests,-18.1667,49.3833,RiotsOrProtests
RiotsOrProtests,-34.06667,18.43333,RiotsOrProtests
RiotsOrProtests,34.72224,5.37845,RiotsOrProtests
RiotsOrProtests,-29.58926,31.08513,RiotsOrProtests
RiotsOrProtests,-30.86589,29.43921,RiotsOrProtests
RiotsOrProtests,35.45457,1.26894,RiotsOrProtests
RiotsOrProtests,13.5,-13.6,RiotsOrProtests
RiotsOrProtests,33.10527,6.05796,RiotsOrProtests
RiotsOrProtests,33.91968,8.13352,RiotsOrProtests
RiotsOrProtests,33.91968,8.13352,RiotsOrProtests
RiotsOrProtests,33.91968,8.13352,RiotsOrProtests
RiotsOrProtests,33.91968,8.13352,RiotsOrProtests
RiotsOrProtests,5.29385,-4.00931,RiotsOrProtests
RiotsOrProtests,32.8925,13.18,RiotsOrProtests
RiotsOrProtests,32.8925,13.18,RiotsOrProtests
RiotsOrProtests,32.8925,13.18,RiotsOrProtests
RiotsOrProtests,32.8925,13.18,RiotsOrProtests
RiotsOrProtests,32.8925,13.18,RiotsOrProtests
RiotsOrProtests,32.8925,13.18,RiotsOrProtests
RiotsOrProtests,32.8925,13.18,RiotsOrProtests
RiotsOrProtests,32.8925,13.18,RiotsOrProtests
RiotsOrProtests,-19.23333,17.71667,RiotsOrProtests
RiotsOrProtests,9.92226,38.34179,RiotsOrProtests
RiotsOrProtests,36.81897,10.16579,RiotsOrProtests
RiotsOrProtests,36.81897,10.16579,RiotsOrProtests
RiotsOrProtests,36.81897,10.16579,RiotsOrProtests
RiotsOrProtests,36.81897,10.16579,RiotsOrProtests
RiotsOrProtests,36.81897,10.16579,RiotsOrProtests
RiotsOrProtests,36.81897,10.16579,RiotsOrProtests
RiotsOrProtests,36.81897,10.16579,RiotsOrProtests
RiotsOrProtests,36.81897,10.16579,RiotsOrProtests
RiotsOrProtests,36.81897,10.16579,RiotsOrProtests
RiotsOrProtests,36.81897,10.16579,RiotsOrProtests
RiotsOrProtests,36.81897,10.16579,RiotsOrProtests
RiotsOrProtests,36.81897,10.16579,RiotsOrProtests
RiotsOrProtests,36.81897,10.16579,RiotsOrProtests
RiotsOrProtests,36.81897,10.16579,RiotsOrProtests
RiotsOrProtests,36.81897,10.16579,RiotsOrProtests
RiotsOrProtests,36.81897,10.16579,RiotsOrProtests
RiotsOrProtests,36.81897,10.16579,RiotsOrProtests
RiotsOrProtests,36.81897,10.16579,RiotsOrProtests
RiotsOrProtests,36.81897,10.16579,RiotsOrProtests
RiotsOrProtests,36.81897,10.16579,RiotsOrProtests
RiotsOrProtests,36.81897,10.16579,RiotsOrProtests
RiotsOrProtests,36.81897,10.16579,RiotsOrProtests
RiotsOrProtests,36.81897,10.16579,RiotsOrProtests
RiotsOrProtests,36.81897,10.16579,RiotsOrProtests
RiotsOrProtests,29.95072,31.27738,RiotsOrProtests
RiotsOrProtests,29.95072,31.27738,RiotsOrProtests
RiotsOrProtests,29.95072,31.27738,RiotsOrProtests
RiotsOrProtests,9.08548,28.43529,RiotsOrProtests
RiotsOrProtests,-23.89003,29.75713,RiotsOrProtests
RiotsOrProtests,-23.89003,29.75713,RiotsOrProtests
RiotsOrProtests,5.48986,6.00743,RiotsOrProtests
RiotsOrProtests,5.48986,6.00743,RiotsOrProtests
RiotsOrProtests,5.48986,6.00743,RiotsOrProtests
RiotsOrProtests,5.48986,6.00743,RiotsOrProtests
RiotsOrProtests,-28.31667,24.21667,RiotsOrProtests
RiotsOrProtests,-29.96667,30.88333,RiotsOrProtests
RiotsOrProtests,-29.96667,30.88333,RiotsOrProtests
RiotsOrProtests,-29.96667,30.88333,RiotsOrProtests
RiotsOrProtests,-29.96667,30.88333,RiotsOrProtests
RiotsOrProtests,5.52627,7.48959,RiotsOrProtests
RiotsOrProtests,5.52627,7.48959,RiotsOrProtests
RiotsOrProtests,5.52627,7.48959,RiotsOrProtests
RiotsOrProtests,5.52627,7.48959,RiotsOrProtests
RiotsOrProtests,5.52627,7.48959,RiotsOrProtests
RiotsOrProtests,5.52627,7.48959,RiotsOrProtests
RiotsOrProtests,-30.26667,29.93333,RiotsOrProtests
RiotsOrProtests,-3.39534,29.13779,RiotsOrProtests
RiotsOrProtests,-3.39534,29.13779,RiotsOrProtests
RiotsOrProtests,-3.39534,29.13779,RiotsOrProtests
RiotsOrProtests,5.03333,7.92657,RiotsOrProtests
RiotsOrProtests,5.03333,7.92657,RiotsOrProtests
RiotsOrProtests,7.28056,-6.82639,RiotsOrProtests
RiotsOrProtests,7.28056,-6.82639,RiotsOrProtests
RiotsOrProtests,-17.9333,25.8333,RiotsOrProtests
RiotsOrProtests,-22.35,47.83333,RiotsOrProtests
RiotsOrProtests,-23.1351,30.42184,RiotsOrProtests
RiotsOrProtests,-23.1351,30.42184,RiotsOrProtests
RiotsOrProtests,-27.76881,30.80027,RiotsOrProtests
RiotsOrProtests,10.06069,-2.50192,RiotsOrProtests
RiotsOrProtests,9.63333,38.65,RiotsOrProtests
RiotsOrProtests,21.79285,31.3713,RiotsOrProtests
RiotsOrProtests,8.53417,37.96515,RiotsOrProtests
RiotsOrProtests,8.53417,37.96515,RiotsOrProtests
RiotsOrProtests,8.53417,37.96515,RiotsOrProtests
RiotsOrProtests,8.53417,37.96515,RiotsOrProtests
RiotsOrProtests,8.53417,37.96515,RiotsOrProtests
RiotsOrProtests,-22.9575,14.50528,RiotsOrProtests
RiotsOrProtests,8,37,RiotsOrProtests
RiotsOrProtests,0.33114,32.57406,RiotsOrProtests
RiotsOrProtests,2.05492,45.33,RiotsOrProtests
RiotsOrProtests,-25.63921,30.33657,RiotsOrProtests
RiotsOrProtests,-25.63921,30.33657,RiotsOrProtests
RiotsOrProtests,7.71773,28.00713,RiotsOrProtests
RiotsOrProtests,7.71773,28.00713,RiotsOrProtests
RiotsOrProtests,6.68754,-10.21145,RiotsOrProtests
RiotsOrProtests,8.28333,37.78333,RiotsOrProtests
RiotsOrProtests,-29.92643,30.99791,RiotsOrProtests
RiotsOrProtests,-29.92643,30.99791,RiotsOrProtests
RiotsOrProtests,-29.83333,30.93333,RiotsOrProtests
RiotsOrProtests,-29.83333,30.93333,RiotsOrProtests
RiotsOrProtests,-22.57,17.0836,RiotsOrProtests
RiotsOrProtests,-22.57,17.0836,RiotsOrProtests
RiotsOrProtests,-22.57,17.0836,RiotsOrProtests
RiotsOrProtests,-22.57,17.0836,RiotsOrProtests
RiotsOrProtests,-22.57,17.0836,RiotsOrProtests
RiotsOrProtests,-22.57,17.0836,RiotsOrProtests
RiotsOrProtests,-5,39.83333,RiotsOrProtests
RiotsOrProtests,-33.41403,19.20052,RiotsOrProtests
RiotsOrProtests,-33.91667,18.4333,RiotsOrProtests
RiotsOrProtests,7.96111,-6.67306,RiotsOrProtests
RiotsOrProtests,-33.98333,18.4,RiotsOrProtests
RiotsOrProtests,-33.98333,18.4,RiotsOrProtests
RiotsOrProtests,-33.98333,18.4,RiotsOrProtests
RiotsOrProtests,10.32536,42.83736,RiotsOrProtests
RiotsOrProtests,6.49789,3.38292,RiotsOrProtests
RiotsOrProtests,6.49789,3.38292,RiotsOrProtests
RiotsOrProtests,4.8833,38.0833,RiotsOrProtests
RiotsOrProtests,4.8833,38.0833,RiotsOrProtests
RiotsOrProtests,3.8667,11.5167,RiotsOrProtests
RiotsOrProtests,3.8667,11.5167,RiotsOrProtests
RiotsOrProtests,4.92472,6.26417,RiotsOrProtests
RiotsOrProtests,4.92472,6.26417,RiotsOrProtests
RiotsOrProtests,4.92472,6.26417,RiotsOrProtests
RiotsOrProtests,9.2,12.48333,RiotsOrProtests
RiotsOrProtests,8.95,35.45,RiotsOrProtests
RiotsOrProtests,28.0221,-9.29397,RiotsOrProtests
RiotsOrProtests,30.58768,31.502,RiotsOrProtests
RiotsOrProtests,30.58768,31.502,RiotsOrProtests
RiotsOrProtests,-26.03419,27.92217,RiotsOrProtests
RiotsOrProtests,-26.03419,27.92217,RiotsOrProtests
RiotsOrProtests,-26.03419,27.92217,RiotsOrProtests
RiotsOrProtests,-26.03419,27.92217,RiotsOrProtests
RiotsOrProtests,11.11324,7.72518,RiotsOrProtests
RiotsOrProtests,11.11324,7.72518,RiotsOrProtests
RiotsOrProtests,33.50398,11.11215,RiotsOrProtests
RiotsOrProtests,33.50398,11.11215,RiotsOrProtests
RiotsOrProtests,33.50398,11.11215,RiotsOrProtests
RiotsOrProtests,12.5833,-16.2666,RiotsOrProtests
RiotsOrProtests,12.5833,-16.2666,RiotsOrProtests
RiotsOrProtests,32.46738,14.56874,RiotsOrProtests
RiotsOrProtests,35.31247,9.38392,RiotsOrProtests
RiotsOrProtests,-26.23881,27.83971,RiotsOrProtests
RiotsOrProtests,36.58333,4.68333,RiotsOrProtests
RiotsOrProtests,-33.64225,26.2034,RiotsOrProtests
RiotsOrProtests,-32.91999,27.42586,RiotsOrProtests
RiotsOrProtests,-33.86729,25.56392,RiotsOrProtests
RiotsOrProtests,-33.86729,25.56392,RiotsOrProtests
